time,ax,ay,az,gx,gy,gz,mx,my,mz,psi,theta,normAccel,normMag,normGyr
0.202,-5.64,1.55,-9.07,0.08,-0.11,-0.03,20.94,-24.49,-9.27,2.8258215954570973,31.505976339321194,0.0,0.0,0.0
0.212,-5.97,1.71,-9.39,0.07,-0.06,-0.04,20.94,-27.33,-8.92,0.9164098549827906,31.771749303093415,10.792451065443846,33.52874289322521,7.980378637021419
0.223,-5.7,1.64,-9.25,-0.02,-0.02,-0.01,20.94,-27.33,-8.92,0.3847758959248465,31.597365742657644,11.257757325506711,35.56654186169918,5.758154577216438
0.234,-5.7,1.64,-9.25,-0.02,-0.02,-0.01,20.94,-27.33,-8.92,0.12316255328685796,31.510027677896232,10.988271019591753,35.56654186169918,1.7188733853924696
0.245,-5.01,1.36,-8.8,-0.08,-0.01,0.04,20.94,-27.33,-8.92,0.12826660446009733,31.10674684380207,10.988271019591753,35.56654186169918,1.7188733853924696
0.256,-5.01,1.36,-8.8,-0.08,-0.01,0.04,20.94,-27.33,-8.92,0.13298177071156317,30.83100461637983,10.217127776435019,35.56654186169918,5.156620156177409
0.267,-4.76,1.31,-8.33,-0.06,-0.05,0.03,20.94,-27.33,-8.92,0.12337838648303831,30.650098295180698,10.217127776435019,35.56654186169918,5.156620156177409
0.278,-4.76,1.31,-8.33,-0.06,-0.05,0.03,20.94,-27.33,-8.92,0.11716967123433028,30.510940147654722,9.683109004859958,35.56654186169918,4.7937088407705994
0.289,-5.35,1.41,-8.65,-0.02,-0.11,-0.02,20.94,-27.33,-8.92,0.06639432698316339,30.608162564218816,9.683109004859958,35.56654186169918,4.7937088407705994
0.3,-5.35,1.41,-8.65,-0.02,-0.11,-0.02,20.94,-27.33,-8.92,0.025771055894361898,30.686249265991094,10.268062134599692,35.56654186169918,6.507549609119511
0.311,-5.92,1.53,-9.17,0.0,-0.15,-0.05,20.94,-27.33,-8.92,-0.0329782101634124,30.85838285889625,10.268062134599692,35.56654186169918,6.507549609119511
0.322,-5.92,1.53,-9.17,0.0,-0.15,-0.05,20.94,-27.33,-8.92,-0.08193317166016416,31.000504265648317,11.021624199726645,35.56654186169918,9.059258178807665
0.333,-6.15,1.6,-8.66,-0.08,-0.07,-0.02,20.94,-27.33,-8.92,-0.18591522454730647,31.30828937588639,11.021624199726645,35.56654186169918,9.059258178807665
0.34400000000000003,-5.89,1.62,-8.23,-0.18,-0.02,0.03,21.12,-25.02,-8.41,-0.12226585597666209,31.570898661962048,10.74141983166099,35.56654186169918,6.197486127062925
0.355,-5.89,1.62,-8.23,-0.18,-0.02,0.03,21.12,-25.02,-8.41,-0.06781892614295701,31.799337499137863,10.249360955688896,33.80507210464134,10.518106958735292
0.366,-5.65,1.58,-8.26,-0.19,-0.03,0.06,21.12,-25.02,-8.41,0.0,31.926189685689224,10.249360955688896,33.80507210464134,10.518106958735292
0.377,-5.65,1.58,-8.26,-0.19,-0.03,0.06,21.12,-25.02,-8.41,0.05984042127600635,32.03856694300839,10.131460901567948,33.80507210464134,11.54477967786639
0.388,-5.3,1.68,-8.43,-0.27,0.0,0.07,21.12,-25.02,-8.41,0.12451949979623525,32.01848234913314,10.131460901567948,33.80507210464134,11.54477967786639
0.399,-5.3,1.68,-8.43,-0.27,0.0,0.07,21.12,-25.02,-8.41,0.18280304526732438,32.00040634669007,10.098381058367721,33.80507210464134,15.981312024702905
0.41000000000000003,-5.22,1.6,-7.96,-0.3,0.07,0.05,21.12,-25.02,-8.41,0.22577461028490806,32.03500969755099,10.098381058367721,33.80507210464134,15.981312024702905
0.421,-5.22,1.6,-7.96,-0.3,0.07,0.05,21.12,-25.02,-8.41,0.26465817700606636,32.06651193903299,9.652460826131334,33.80507210464134,17.881424397713506
0.432,-5.22,1.63,-8.13,-0.32,0.04,0.01,21.12,-25.02,-8.41,0.30438431006267136,32.072169900437075,9.652460826131334,33.80507210464134,17.881424397713506
0.443,-5.6,1.68,-8.44,-0.37,0.03,0.0,21.12,-25.02,-8.41,0.33441398568745606,32.11481901182668,9.798071238769394,33.80507210464134,18.486214892081684
0.454,-5.6,1.68,-8.44,-0.37,0.03,0.0,21.12,-25.02,-8.41,0.362017236894317,32.15391696915748,10.267229421806059,33.80507210464134,21.269008322712608
0.465,-5.71,1.95,-8.92,-0.59,0.06,0.04,18.63,-24.31,-6.69,0.25406461912812095,32.14903423568349,10.267229421806059,33.80507210464134,21.269008322712608
0.47600000000000003,-5.71,1.95,-8.92,-0.59,0.06,0.04,18.63,-24.31,-6.69,0.04781553952882189,32.17107298366143,10.769076097790377,31.34978628316308,34.05606382803434
0.487,-5.77,2.15,-9.17,-0.76,0.09,0.1,18.63,-24.31,-6.69,-0.021555298908664946,32.14957456859024,10.769076097790377,31.34978628316308,34.05606382803434
0.498,-5.77,2.15,-9.17,-0.76,0.09,0.1,18.63,-24.31,-6.69,-0.10202120610288382,32.160891467351206,11.045555667326113,31.34978628316308,44.221801667299765
0.51,-5.83,2.41,-9.08,-0.83,0.1,0.16,18.63,-24.31,-6.69,-0.2149861872631286,32.18797291207778,11.045555667326113,31.34978628316308,44.221801667299765
0.52,-5.83,2.41,-9.08,-0.83,0.1,0.16,18.63,-24.31,-6.69,-0.36263215014290867,32.28538015438909,11.05637372740267,31.34978628316308,48.76877280169667
0.531,-5.74,2.47,-9.39,-0.96,0.1,0.22,18.63,-24.31,-6.69,-0.49828458996342534,32.32765936328775,11.05637372740267,31.34978628316308,48.76877280169667
0.542,-5.74,2.47,-9.39,-0.96,0.1,0.22,18.63,-24.31,-6.69,-0.6261684546303112,32.360184640806324,11.27921096531136,31.34978628316308,56.719927917897685
0.553,-5.67,2.44,-9.34,-0.84,0.16,0.25,18.63,-24.31,-6.69,-0.7492542353814335,32.38542823189397,11.27921096531136,31.34978628316308,56.719927917897685
0.5640000000000001,-5.5,2.43,-8.38,-0.49,0.19,0.24,18.63,-24.31,-6.69,-0.8898462282190001,32.41898724918744,11.195449968625647,31.34978628316308,51.044719609420135
0.5750000000000001,-5.5,2.43,-8.38,-0.49,0.19,0.24,18.63,-24.31,-6.69,-1.0301844830632958,32.451953251656846,10.314034128312743,31.34978628316308,33.10288144004869
0.586,-5.46,2.51,-8.14,-0.07,0.07,0.22,20.94,-21.65,-7.21,-0.9231136369633378,32.45993921678847,10.314034128312743,31.34978628316308,33.10288144004869
0.597,-5.46,2.51,-8.14,-0.07,0.07,0.22,20.94,-21.65,-7.21,-0.8122464401213285,32.467237501272805,10.117870329273844,30.97079592131917,13.822421262958365
0.608,-5.47,2.64,-7.81,0.29,-0.03,0.22,20.94,-21.65,-7.21,-0.6836546068578396,32.4107262106364,10.117870329273844,30.97079592131917,13.822421262958365
0.619,-5.47,2.64,-7.81,0.29,-0.03,0.22,20.94,-21.65,-7.21,-0.6499006979891905,32.35274284341604,9.893765713822011,30.97079592131917,20.926690304287646
0.63,-5.19,2.28,-7.87,0.69,-0.11,0.28,20.94,-21.65,-7.21,-0.5647442068387885,32.24506530056243,9.893765713822011,30.97079592131917,20.926690304287646
0.641,-5.19,2.28,-7.87,0.69,-0.11,0.28,20.94,-21.65,-7.21,-0.49380995274190936,32.183843122329975,9.699041189725921,30.97079592131917,43.128158758711855
0.652,-5.01,2.28,-8.01,1.32,-0.22,0.27,20.94,-21.65,-7.21,-0.4045999514224749,32.07239755496303,9.699041189725921,30.97079592131917,43.128158758711855
0.663,-5.38,1.64,-7.17,1.78,-0.35,0.23,20.94,-21.65,-7.21,-0.33749468544663164,32.23266434003855,9.718981428112722,30.97079592131917,78.21870744596134
0.674,-5.38,1.64,-7.17,1.78,-0.35,0.23,20.94,-21.65,-7.21,-0.2704856981251805,32.39413630941198,9.112787718365878,30.97079592131917,104.7714077082544
0.685,-5.53,1.12,-7.44,1.98,-0.52,0.13,20.94,-21.65,-7.21,-0.13448602657660158,32.527090441180164,9.112787718365878,30.97079592131917,104.7714077082544
0.6960000000000001,-5.53,1.12,-7.44,1.98,-0.52,0.13,20.94,-21.65,-7.21,0.00245481982340932,32.660353150447506,9.337499665327973,30.97079592131917,117.5289933545949
0.707,-5.82,0.95,-6.97,2.11,-0.6,-0.01,20.94,-21.65,-7.21,0.10796250709707976,32.92993267925709,9.337499665327973,30.97079592131917,117.5289933545949
0.718,-5.82,0.95,-6.97,2.11,-0.6,-0.01,20.94,-21.65,-7.21,0.22008705007365376,33.167984654810624,9.129939758837406,30.97079592131917,125.68818845669833
0.729,-6.05,0.49,-7.2,2.14,-0.63,-0.08,18.99,-26.8,-8.07,0.02463970154636022,33.43759452201819,9.129939758837406,30.97079592131917,125.68818845669833
0.74,-6.05,0.49,-7.2,2.14,-0.63,-0.08,18.99,-26.8,-8.07,-0.031088655688217226,33.75498726211673,9.41714394070729,33.82284730770016,127.89798966939834
0.751,-6.36,0.04,-7.95,2.1,-0.67,-0.13,18.99,-26.8,-8.07,-0.008783601046850312,34.05378738232601,9.41714394070729,33.82284730770016,127.89798966939834
0.762,-6.36,0.04,-7.95,2.1,-0.67,-0.13,18.99,-26.8,-8.07,0.03071334158029391,34.37862298827869,10.181046115208398,33.82284730770016,126.51603535278547
0.773,-6.57,-0.1,-8.28,2.01,-0.62,-0.14,18.99,-26.8,-8.07,0.10335408030810138,34.70537359673067,10.181046115208398,33.82284730770016,126.51603535278547
0.784,-6.69,-0.48,-6.88,1.77,-0.5,-0.08,18.99,-26.8,-8.07,0.18089880208716094,35.230027335803186,10.57039734352498,33.82284730770016,120.78542834335269
0.795,-6.69,-0.48,-6.88,1.77,-0.5,-0.08,18.99,-26.8,-8.07,0.2763455239632319,35.75822594213278,9.60837655382011,33.82284730770016,105.4818257430862
0.806,-6.69,-1.06,-4.64,1.5,-0.62,-0.03,18.99,-26.8,-8.07,0.3213489690932677,36.6741320110863,9.60837655382011,33.82284730770016,105.4818257430862
0.8170000000000001,-6.69,-1.06,-4.64,1.5,-0.62,-0.03,18.99,-26.8,-8.07,0.39533812416161734,37.61298814970412,8.210316680859515,33.82284730770016,93.01171740262595
0.8290000000000001,-6.92,-2.16,-3.4,1.67,-1.11,-0.09,18.99,-26.8,-8.07,0.5737348130270097,38.83466759788277,8.210316680859515,33.82284730770016,93.01171740262595
0.839,-6.92,-2.16,-3.4,1.67,-1.11,-0.09,18.99,-26.8,-8.07,0.8594594568987681,39.969602386524855,8.00699694017676,33.82284730770016,115.00763046351454
0.85,-7.31,-2.89,-8.66,1.94,-1.87,-0.32,15.44,-35.67,-8.41,1.0274287080952993,40.3539996515386,8.00699694017676,33.82284730770016,115.00763046351454
0.861,-7.31,-2.89,-8.66,1.94,-1.87,-0.32,15.44,-35.67,-8.41,1.0402860345714882,40.67913181929799,11.695460657879192,39.767708005365364,155.47017358484382
0.872,-7.67,-1.77,-10.01,2.0,-1.86,-0.62,15.44,-35.67,-8.41,0.956732982259406,40.81992606486301,11.695460657879192,39.767708005365364,155.47017358484382
0.883,-7.67,-1.77,-10.01,2.0,-1.86,-0.62,15.44,-35.67,-8.41,0.9399258445152118,40.8873383069747,12.734280505784376,39.767708005365364,160.46910297466027
0.894,-7.64,-2.17,-8.41,1.68,-1.41,-0.58,15.44,-35.67,-8.41,0.9904306501515305,41.179198746586366,12.734280505784376,39.767708005365364,160.46910297466027
0.905,-7.57,-1.92,-6.69,1.55,-1.25,-0.47,15.44,-35.67,-8.41,0.9471989680667834,41.7676240187848,11.567480278781547,39.767708005365364,129.98567614501007
0.916,-7.57,-1.92,-6.69,1.55,-1.25,-0.47,15.44,-35.67,-8.41,0.9697806646933012,42.336176955154656,10.283355483498564,39.767708005365364,117.22414043410241
0.927,-7.8,-2.48,-6.03,1.56,-1.36,-0.41,15.44,-35.67,-8.41,1.1615991134058232,43.07443369154535,10.283355483498564,39.767708005365364,117.22414043410241
0.9380000000000001,-7.8,-2.48,-6.03,1.56,-1.36,-0.41,15.44,-35.67,-8.41,1.3020793442105787,43.60042313271296,10.166184141554785,39.767708005365364,120.88323252547177
0.9490000000000001,-8.39,-3.25,-6.39,1.65,-1.71,-0.5,15.44,-35.67,-8.41,1.648749112780626,44.127911190331645,10.166184141554785,39.767708005365364,120.88323252547177
0.96,-8.39,-3.25,-6.39,1.65,-1.71,-0.5,15.44,-35.67,-8.41,1.9508207078340325,44.657450776799834,11.035701155794316,39.767708005365364,139.13085899066118
0.971,-8.8,-2.78,-10.42,2.03,-2.04,-0.59,13.31,-43.83,-1.54,1.4492846768080339,44.605612417067874,11.035701155794316,39.767708005365364,139.13085899066118
0.982,-8.8,-2.78,-10.42,2.03,-2.04,-0.59,13.31,-43.83,-1.54,0.916149039908196,44.43436185157586,13.919224116307634,45.832265926964595,168.3228697605033
0.993,-8.51,-0.31,-13.55,1.07,-1.19,-0.57,13.31,-43.83,-1.54,-0.22284252142172736,43.83468602913655,13.919224116307634,45.832265926964595,168.3228697605033
1.004,-7.93,-1.6,-9.65,0.5,-0.11,0.15,13.31,-43.83,-1.54,-0.8415610554373486,43.705174417807655,16.00370894511644,45.832265926964595,97.33370868049204
1.0150000000000001,-7.93,-1.6,-9.65,0.5,-0.11,0.15,13.31,-43.83,-1.54,-1.4468211875148034,43.577118617931205,12.592354823463323,45.832265926964595,30.566103566096587
1.026,-7.57,-2.1,-5.83,-0.09,0.44,0.66,13.31,-43.83,-1.54,-1.8270717654510642,43.99278735213545,12.592354823463323,45.832265926964595,30.566103566096587
1.037,-7.57,-2.1,-5.83,-0.09,0.44,0.66,13.31,-43.83,-1.54,-2.1678675953340174,44.40432675359159,9.782831900835259,45.832265926964595,45.739834792689024
1.048,-7.58,-2.6,-4.27,-0.05,0.15,0.71,13.31,-43.83,-1.54,-2.2922763715794985,45.04090928345616,9.782831900835259,45.832265926964595,45.739834792689024
1.059,-7.58,-2.6,-4.27,-0.05,0.15,0.71,13.31,-43.83,-1.54,-2.519484579664714,45.46826711870696,9.080159690225718,45.832265926964595,41.676526244292646
1.07,-7.68,-1.99,-6.34,-0.08,-0.41,0.58,13.31,-43.83,-1.54,-2.9660389833979934,45.630325395193665,9.080159690225718,45.832265926964595,41.676526244292646
1.081,-7.68,-1.99,-6.34,-0.08,-0.41,0.58,13.31,-43.83,-1.54,-3.6565554870277333,45.4902831246888,10.155692984725365,45.832265926964595,40.95345851354925
1.092,-7.66,-1.37,-8.31,-0.51,-0.39,0.5,13.31,-43.83,-1.54,-4.582086287626859,45.09515573783767,10.155692984725365,45.832265926964595,40.95345851354925
1.103,-7.66,-1.37,-8.31,-0.51,-0.39,0.5,13.31,-43.83,-1.54,-5.776013746851714,44.5464691817852,11.384577286838542,45.832265926964595,46.624825629462435
1.114,-7.43,-1.5,-6.94,-0.63,-0.01,0.54,12.96,-45.25,-1.89,-6.851251453565269,44.157896904272775,11.384577286838542,45.832265926964595,46.624825629462435
1.125,-7.49,-1.76,-6.09,-0.69,0.34,0.53,12.96,-45.25,-1.89,-7.411076627574368,44.58210822589854,10.277086162916024,47.107283937837046,47.545141209361105
1.1360000000000001,-7.49,-1.76,-6.09,-0.69,0.34,0.53,12.96,-45.25,-1.89,-7.9692902087744,45.01186759651472,9.812532802492942,47.107283937837046,53.52174157312379
1.147,-7.6,-1.73,-5.96,-0.69,0.5,0.45,12.96,-45.25,-1.89,-8.218514682176831,45.58051820143692,9.812532802492942,47.107283937837046,53.52174157312379
1.158,-7.6,-1.73,-5.96,-0.69,0.5,0.45,12.96,-45.25,-1.89,-8.451568984012908,46.16000593367315,9.811956991344795,47.107283937837046,55.212444037743026
1.169,-7.7,-1.64,-6.04,-0.56,0.46,0.34,12.96,-45.25,-1.89,-8.879024608443281,46.54035005581176,9.811956991344795,47.107283937837046,55.212444037743026
1.18,-7.7,-1.64,-6.04,-0.56,0.46,0.34,12.96,-45.25,-1.89,-9.35239035799017,46.667724961176134,9.922761712346015,47.107283937837046,45.865262553347776
1.191,-7.93,-1.16,-7.62,-0.5,0.37,0.21,12.96,-45.25,-1.89,-10.019750241506811,46.613578540706015,9.922761712346015,47.107283937837046,45.865262553347776
1.202,-7.93,-1.16,-7.62,-0.5,0.37,0.21,12.96,-45.25,-1.89,-10.836090644929136,46.45003525841349,11.058702455532474,47.107283937837046,37.61501743792048
1.213,-7.56,-0.76,-7.41,-0.5,0.47,0.2,12.96,-45.25,-1.89,-11.71217244477669,46.27751721578713,11.058702455532474,47.107283937837046,37.61501743792048
1.224,-7.39,-0.69,-7.61,-0.57,0.63,0.3,12.78,-43.3,-3.43,-12.669933428064853,46.04476091776479,10.61316635128273,47.107283937837046,40.95345851354926
1.235,-7.39,-0.69,-7.61,-0.57,0.63,0.3,12.78,-43.3,-3.43,-13.614162582970813,45.80523944439071,10.63015992353831,45.27674126966295,51.62346554561727
1.246,-7.38,-0.35,-7.35,-0.71,0.79,0.37,12.78,-43.3,-3.43,-13.939816437628457,46.13405652937638,10.63015992353831,45.27674126966295,51.62346554561727
1.2570000000000001,-7.38,-0.35,-7.35,-0.71,0.79,0.37,12.78,-43.3,-3.43,-14.283256883489061,46.46896198466513,10.421583372981285,45.27674126966295,64.44438155029387
1.268,-7.12,-0.63,-7.33,-1.0,0.95,0.48,12.78,-43.3,-3.43,-13.887983567202085,47.22368017339531,10.421583372981285,45.27674126966295,64.44438155029387
1.2790000000000001,-7.12,-0.63,-7.33,-1.0,0.95,0.48,12.78,-43.3,-3.43,-13.950601322364731,47.506004585354106,10.238173665258858,45.27674126966295,83.67734259606986
1.29,-7.17,-1.1,-7.02,-1.15,1.11,0.5,12.78,-43.3,-3.43,-13.890743511534577,47.83521585495677,10.238173665258858,45.27674126966295,83.67734259606986
1.301,-7.17,-1.1,-7.02,-1.15,1.11,0.5,12.78,-43.3,-3.43,-14.120038399933819,47.61438898649618,10.094518314412035,45.27674126966295,95.95289828474665
1.312,-6.82,-0.72,-7.48,-0.93,1.07,0.3,12.78,-43.3,-3.43,-14.450307475535109,47.27685878591211,10.094518314412035,45.27674126966295,95.95289828474665
1.323,-6.82,-0.72,-7.48,-0.93,1.07,0.3,12.78,-43.3,-3.43,-14.940980686592681,46.70001080111098,10.147965313302958,45.27674126966295,83.02551881051187
1.334,-6.39,-0.24,-8.08,-0.79,1.08,0.01,12.78,-43.3,-3.43,-15.527498627026233,45.97527938941218,10.147965313302958,45.27674126966295,83.02551881051187
1.345,-5.79,0.01,-7.61,-0.78,1.17,-0.23,17.21,-37.45,-6.35,-15.613859535982227,45.530846188531626,10.304178763977262,45.27674126966295,76.66937491809249
1.356,-5.79,0.01,-7.61,-0.78,1.17,-0.23,17.21,-37.45,-6.35,-15.68413523238072,45.07990285971377,9.562233002808497,41.70142803310218,81.63794125156416
1.367,-6.77,-0.93,-6.1,-0.75,1.26,-0.31,17.21,-37.45,-6.35,-15.346180306756532,45.297363141884375,9.562233002808497,41.70142803310218,81.63794125156416
1.3780000000000001,-6.77,-0.93,-6.1,-0.75,1.26,-0.31,17.21,-37.45,-6.35,-15.00662098198949,45.518631505754826,9.160120086549083,41.70142803310218,85.87106394703854
1.389,-6.92,-0.39,-8.05,-0.59,0.99,-0.37,17.21,-37.45,-6.35,-14.863433354177719,45.2828104110381,9.160120086549083,41.70142803310218,85.87106394703854
1.4000000000000001,-6.92,-0.39,-8.05,-0.59,0.99,-0.37,17.21,-37.45,-6.35,-14.778635417935032,44.90636830603583,10.622664449185995,41.70142803310218,69.35156511141047
1.411,-6.3,-0.04,-8.73,-0.61,0.96,-0.33,17.21,-37.45,-6.35,-14.751833472148999,44.32959252568551,10.622664449185995,41.70142803310218,69.35156511141047
1.422,-6.3,-0.04,-8.73,-0.61,0.96,-0.33,17.21,-37.45,-6.35,-14.69395024534511,43.715066683519325,10.765895225200737,41.70142803310218,67.85620227014235
1.433,-5.44,0.1,-9.18,-0.84,1.05,-0.37,17.21,-37.45,-6.35,-14.629697437197729,42.89445516311633,10.765895225200737,41.70142803310218,67.85620227014235
1.444,-5.49,-0.32,-8.16,-0.84,1.15,-0.51,17.21,-37.45,-6.35,-14.434875622883132,42.22568927428054,10.671269840089323,41.70142803310218,79.90656012351452
1.455,-5.49,-0.32,-8.16,-0.84,1.15,-0.51,17.21,-37.45,-6.35,-14.223697033799507,41.555189769247306,9.840127031700353,41.70142803310218,86.67016493636591
1.466,-6.71,-0.55,-6.89,-0.71,1.12,-0.63,17.21,-37.45,-6.35,-13.881414209390426,41.46462650232701,9.840127031700353,41.70142803310218,86.67016493636591
1.477,-6.71,-0.55,-6.89,-0.71,1.12,-0.63,17.21,-37.45,-6.35,-13.534892847810987,41.37282511016528,9.633208188345147,41.70142803310218,84.11754161181432
1.488,-7.05,-0.18,-8.19,-0.48,0.85,-0.51,19.52,-32.3,-7.21,-12.975871299301968,41.17516782709305,9.633208188345147,41.70142803310218,84.11754161181432
1.5,-7.05,-0.18,-8.19,-0.48,0.85,-0.51,19.52,-32.3,-7.21,-12.476347641156552,41.035603540311115,10.807913767235563,38.42270812943824,63.10343970469633
1.51,-6.21,0.4,-9.72,-0.47,0.78,-0.21,19.52,-32.3,-7.21,-12.051310837594485,40.53184369073915,10.807913767235563,38.42270812943824,63.10343970469633
1.5210000000000001,-6.21,0.4,-9.72,-0.47,0.78,-0.21,19.52,-32.3,-7.21,-11.545114758874,39.99199661969976,11.541338743837303,38.42270812943824,53.54627032856963
1.532,-5.61,0.34,-10.59,-0.61,0.86,0.04,19.52,-32.3,-7.21,-10.995700087098813,39.22862069968522,11.541338743837303,38.42270812943824,53.54627032856963
1.543,-5.61,0.34,-10.59,-0.61,0.86,0.04,19.52,-32.3,-7.21,-10.48113472230878,38.516800236337815,11.988986612720861,38.42270812943824,60.4545143845195
1.554,-5.16,0.75,-9.27,-0.8,1.0,0.16,19.52,-32.3,-7.21,-10.017620157044929,37.91521108013126,11.988986612720861,38.42270812943824,60.4545143845195
1.565,-5.47,0.38,-7.92,-0.99,0.84,0.32,19.52,-32.3,-7.21,-9.566319983574386,37.49990670442858,10.635835651231172,38.42270812943824,73.94485956832673
1.576,-5.47,0.38,-7.92,-0.99,0.84,0.32,19.52,-32.3,-7.21,-9.098172387255362,37.08198477886209,9.632844854974048,38.42270812943824,76.61583409750232
1.587,-6.12,-0.22,-8.5,-1.1,0.55,0.47,19.52,-32.3,-7.21,-8.481727508475625,36.82232471807528,9.632844854974048,38.42270812943824,76.61583409750232
1.598,-6.12,-0.22,-8.5,-1.1,0.55,0.47,19.52,-32.3,-7.21,-7.854580572293514,36.56328107480253,10.476297055734912,38.42270812943824,75.4348495531764
1.609,-5.95,0.88,-9.32,-1.2,0.4,0.57,20.59,-29.46,-9.95,-7.107202831806721,36.32301749406329,10.476297055734912,38.42270812943824,75.4348495531764
1.62,-5.95,0.88,-9.32,-1.2,0.4,0.57,20.59,-29.46,-9.95,-6.745724735312005,36.1290395342279,11.092308145737748,37.29399683595203,79.49260307184313
1.631,-5.77,0.75,-10.11,-1.41,0.41,0.87,20.59,-29.46,-9.95,-6.3427429447586565,35.803802772115844,11.092308145737748,37.29399683595203,79.49260307184313
1.6420000000000001,-5.77,0.75,-10.11,-1.41,0.41,0.87,20.59,-29.46,-9.95,-6.021291795881353,35.12059029952802,11.6647974693091,37.29399683595203,97.79132465724764
1.653,-5.27,2.54,-10.54,-1.24,0.64,1.17,20.59,-29.46,-9.95,-5.904304398428897,34.30509121877195,11.6647974693091,37.29399683595203,97.79132465724764
1.6640000000000001,-5.49,3.81,-8.7,-0.4,0.82,1.87,20.59,-29.46,-9.95,-5.920607811555455,33.95683176185288,12.054712771360418,37.29399683595203,104.33654267452962
1.675,-5.49,3.81,-8.7,-0.4,0.82,1.87,20.59,-29.46,-9.95,-5.9140828852133245,33.59895117714919,10.97024156525279,37.29399683595203,119.21515646555116
1.686,-6.03,1.48,-8.96,-0.17,0.66,2.74,20.59,-29.46,-9.95,-5.5961274766900715,33.51190427195567,10.97024156525279,37.29399683595203,119.21515646555116
1.697,-6.03,1.48,-8.96,-0.17,0.66,2.74,20.59,-29.46,-9.95,-5.271626366734718,33.42375239793476,10.901050408102883,37.29399683595203,161.77410331362876
1.708,-5.99,1.44,-10.33,-0.13,0.73,2.98,20.59,-29.46,-9.95,-4.915014767894984,33.374767655459934,10.901050408102883,37.29399683595203,161.77410331362876
1.719,-5.99,1.44,-10.33,-0.13,0.73,2.98,20.59,-29.46,-9.95,-4.572755973331815,33.19466199503954,12.027576647022459,37.29399683595203,175.94749342312537
1.73,-5.81,0.5,-9.37,-0.01,1.09,2.96,28.22,-25.73,-12.18,-3.6164244644138557,33.10390373124149,12.027576647022459,37.29399683595203,175.94749342312537
1.741,-5.81,0.5,-9.37,-0.01,1.09,2.96,28.22,-25.73,-12.18,-2.6147971126198235,32.6540048000156,11.036439643290764,40.08433235068286,180.7298166361789
1.752,-5.58,0.62,-8.44,0.01,1.26,2.58,28.22,-25.73,-12.18,-1.6384203985167134,32.270088099051236,11.036439643290764,40.08433235068286,180.7298166361789
1.7630000000000001,-5.58,0.62,-8.44,0.01,1.26,2.58,28.22,-25.73,-12.18,-0.9528429921411222,31.974319082735676,10.136784500027611,40.08433235068286,164.5107407743696
1.774,-5.3,1.5,-8.47,0.45,1.18,2.24,28.22,-25.73,-12.18,-0.35444038179925097,31.613773693900782,10.136784500027611,40.08433235068286,164.5107407743696
1.7850000000000001,-4.91,2.17,-8.96,0.39,1.1,2.01,28.22,-25.73,-12.18,0.19743237529530516,31.442533083010176,10.103509291330415,40.08433235068286,147.33484648735566
1.796,-4.91,2.17,-8.96,0.39,1.1,2.01,28.22,-25.73,-12.18,0.7498042959292451,31.26824268183813,10.445027525095375,40.08433235068286,133.17047895098014
1.807,-4.37,3.0,-9.23,0.17,1.12,1.97,28.22,-25.73,-12.18,1.1921366376384555,31.15363486953892,10.445027525095375,40.08433235068286,133.17047895098014
1.818,-4.37,3.0,-9.23,0.17,1.12,1.97,28.22,-25.73,-12.18,1.6355237502982058,31.03397646054613,10.643768129755552,40.08433235068286,130.20394983536656
1.829,-3.64,3.45,-7.84,0.16,1.2,2.31,28.22,-25.73,-12.18,2.0813759549681863,30.86459777085318,10.643768129755552,40.08433235068286,130.20394983536656
1.84,-3.64,3.45,-7.84,0.16,1.2,2.31,28.22,-25.73,-12.18,2.5477517139064902,30.479148607557022,9.30686305905486,40.08433235068286,149.42778841592644
1.851,-3.06,3.08,-7.11,0.18,1.0,2.73,28.22,-25.73,-12.18,3.046321090256549,30.0645422461036,9.30686305905486,40.08433235068286,149.42778841592644
1.862,-3.06,3.08,-7.11,0.18,1.0,2.73,28.22,-25.73,-12.18,3.4921397683435114,29.566905226672432,8.330792279249316,40.08433235068286,166.89996022094988
1.873,-3.17,2.5,-8.52,0.28,0.6,2.81,36.74,-29.28,-13.21,4.25035496757887,28.943515942520165,8.330792279249316,40.08433235068286,166.89996022094988
1.8840000000000001,-3.04,2.59,-9.02,0.18,0.57,2.66,36.74,-29.28,-13.21,4.875252870659376,28.376166823432598,9.42811221825451,48.802152616457406,165.41024612814311
1.895,-3.04,2.59,-9.02,0.18,0.57,2.66,36.74,-29.28,-13.21,5.492615717887671,27.8017256064129,9.864588181976986,48.802152616457406,156.20746243058394
1.9060000000000001,-1.54,3.11,-8.2,0.11,0.63,2.48,36.74,-29.28,-13.21,6.035651351870666,27.102161693780005,9.864588181976986,48.802152616457406,156.20746243058394
1.917,-1.54,3.11,-8.2,0.11,0.63,2.48,36.74,-29.28,-13.21,6.576548682134841,26.382224214086904,8.904139486778046,48.802152616457406,146.74208657459874
1.928,-1.35,2.76,-6.95,0.41,0.39,2.5,36.74,-29.28,-13.21,7.199820460698103,25.92305188751027,8.904139486778046,48.802152616457406,146.74208657459874
1.939,-1.35,2.76,-6.95,0.41,0.39,2.5,36.74,-29.28,-13.21,7.9724162268802425,25.253128620840727,7.598855176932904,48.802152616457406,146.8628417294421
1.95,-1.72,1.69,-7.43,0.28,-0.0,2.29,36.74,-29.28,-13.21,8.80832840326526,24.623514194895463,7.598855176932904,48.802152616457406,146.8628417294421
1.961,-1.72,1.69,-7.43,0.28,-0.0,2.29,36.74,-29.28,-13.21,9.467636641321912,23.826856828122388,7.811491534911882,48.802152616457406,132.1844801704705
1.972,-1.29,2.59,-8.39,0.07,-0.26,1.81,36.74,-29.28,-13.21,10.091399650985748,22.804345952183624,7.811491534911882,48.802152616457406,132.1844801704705
1.983,-1.29,2.59,-8.39,0.07,-0.26,1.81,36.74,-29.28,-13.21,10.659202864893327,21.89151470943021,8.874925351798742,48.802152616457406,104.84658002838874
1.994,-1.01,2.62,-10.16,0.2,-0.42,1.64,39.04,-35.49,-10.98,11.091531997430614,20.73609080660877,8.874925351798742,48.802152616457406,104.84658002838874
2.005,-0.24,3.11,-8.38,0.33,-0.45,1.66,39.04,-35.49,-10.98,11.028953937401079,19.45816047271572,10.540877572574306,53.890835027859794,97.67208021299703
2.016,-0.24,3.11,-8.38,0.33,-0.45,1.66,39.04,-35.49,-10.98,10.98739549777623,18.154048612238554,8.941705653844798,53.890835027859794,100.34125310900806
2.027,-0.37,1.34,-7.34,0.22,-0.67,1.68,39.04,-35.49,-10.98,11.041011078777833,16.961964884910387,8.941705653844798,53.890835027859794,100.34125310900806
2.0380000000000003,-0.37,1.34,-7.34,0.22,-0.67,1.68,39.04,-35.49,-10.98,11.099016754254839,15.744716192105244,7.470481912166042,53.890835027859794,104.39316184565915
2.049,-0.55,0.97,-9.26,0.68,-1.02,1.19,39.04,-35.49,-10.98,11.23478250726706,14.52537849026129,7.470481912166042,53.890835027859794,104.39316184565915
2.06,-0.55,0.97,-9.26,0.68,-1.02,1.19,39.04,-35.49,-10.98,11.369972116903122,13.436958231899638,9.32689658997032,53.890835027859794,97.88862781267945
2.071,-1.16,1.28,-9.47,0.91,-1.28,0.6,39.04,-35.49,-10.98,11.476382696586949,12.476116863341716,9.32689658997032,53.890835027859794,97.88862781267945
2.082,-1.16,1.28,-9.47,0.91,-1.28,0.6,39.04,-35.49,-10.98,11.592052529297886,11.673472528361444,9.626260956363067,53.890835027859794,96.32679870268811
2.093,-1.66,1.54,-9.66,0.66,-1.5,0.12,39.04,-35.49,-10.98,11.686994076897193,10.979375899618148,9.626260956363067,53.890835027859794,96.32679870268811
2.104,-1.66,1.54,-9.66,0.66,-1.5,0.12,39.04,-35.49,-10.98,11.798168387622054,10.411752262813806,9.92183450779139,53.890835027859794,94.14657266747265
2.115,-2.05,2.55,-11.59,0.92,-1.68,-0.03,33.72,-40.46,-8.92,11.563639688208612,9.852925738573703,9.92183450779139,53.890835027859794,94.14657266747265
2.126,-2.05,2.37,-9.33,1.07,-1.62,0.17,33.72,-40.46,-8.92,11.30308113291714,9.513572176176368,12.042968903057085,53.41925121152486,109.75843686313182
2.137,-2.05,2.37,-9.33,1.07,-1.62,0.17,33.72,-40.46,-8.92,11.046043434701087,9.179258107838635,9.84216947628926,53.41925121152486,111.6635799113328
2.149,-2.97,2.01,-12.42,0.97,-1.77,0.37,33.72,-40.46,-8.92,10.654085481419527,8.984562779323156,9.84216947628926,53.41925121152486,111.6635799113328
2.1590000000000003,-2.97,2.01,-12.42,0.97,-1.77,0.37,33.72,-40.46,-8.92,10.259418861131413,8.846092659939842,12.927389527665667,53.41925121152486,117.57088371699199
2.17,-3.3,2.15,-11.18,0.81,-1.35,0.5,33.72,-40.46,-8.92,9.84887159445633,8.833702432442749,12.927389527665667,53.41925121152486,117.57088371699199
2.181,-3.3,2.15,-11.18,0.81,-1.35,0.5,33.72,-40.46,-8.92,9.446768023121892,9.152414721263469,11.85347628335249,53.41925121152486,94.6438873178931
2.192,-3.14,1.94,-6.62,0.47,-1.28,0.58,33.72,-40.46,-8.92,9.015441475954766,9.603650121708554,11.85347628335249,53.41925121152486,94.6438873178931
2.203,-3.14,1.94,-6.62,0.47,-1.28,0.58,33.72,-40.46,-8.92,8.581084867633663,10.051026943329745,7.579419502837932,53.41925121152486,84.90028211213898
2.214,-4.12,2.4,-9.08,0.56,-2.32,0.67,33.72,-40.46,-8.92,8.140797552861315,10.620615759942126,7.579419502837932,53.41925121152486,84.90028211213898
2.225,-4.95,1.53,-15.62,0.68,-2.62,0.93,30.52,-44.72,-9.95,7.513062404337892,11.014910904127774,10.255769108165413,53.41925121152486,142.0299853558648
2.236,-4.95,1.53,-15.62,0.68,-2.62,0.93,30.52,-44.72,-9.95,6.888101293008576,11.382581370791897,16.45684659951596,55.04862668586747,163.98708722759608
2.247,-4.33,1.92,-11.79,0.28,-1.03,1.0,30.52,-44.72,-9.95,6.241298709231226,11.900224434471951,16.45684659951596,55.04862668586747,163.98708722759608
2.258,-4.33,1.92,-11.79,0.28,-1.03,1.0,30.52,-44.72,-9.95,5.597666008817054,12.402771358931261,12.705880528322309,55.04862668586747,83.80279007634606
2.269,-3.88,1.87,-9.98,0.23,-0.38,1.15,30.52,-44.72,-9.95,5.037500312412145,13.025966672144833,12.705880528322309,55.04862668586747,83.80279007634606
2.2800000000000002,-3.88,1.87,-9.98,0.23,-0.38,1.15,30.52,-44.72,-9.95,4.499961251430231,13.724066459061603,10.86976080693591,55.04862668586747,70.63433365402301
2.291,-3.6,2.39,-10.41,0.25,-0.53,1.33,30.52,-44.72,-9.95,3.953871324704676,14.325322214429733,10.86976080693591,55.04862668586747,70.63433365402301
2.302,-3.6,2.39,-10.41,0.25,-0.53,1.33,30.52,-44.72,-9.95,3.353871304723858,14.816301916264251,11.271211115048818,55.04862668586747,83.27227541703066
2.313,-3.3,1.59,-12.87,-0.06,-0.36,1.55,30.52,-44.72,-9.95,2.8193845911293596,15.110059734761691,11.271211115048818,55.04862668586747,83.27227541703066
2.324,-3.3,1.59,-12.87,-0.06,-0.36,1.55,30.52,-44.72,-9.95,2.251977463626268,15.454315666273459,13.381143448898527,55.04862668586747,91.23711997714955
2.335,-2.78,0.96,-13.28,-0.33,0.34,1.5,30.52,-44.72,-9.95,1.725134675723609,15.672532523648485,13.381143448898527,55.04862668586747,91.23711997714955
2.346,-2.37,0.79,-14.32,-0.4,1.06,1.2,30.52,-44.72,-9.95,1.247394581536256,15.652074820129869,13.601779295371617,55.04862668586747,90.12937541725262
2.357,-2.37,0.79,-14.32,-0.4,1.06,1.2,30.52,-44.72,-9.95,0.7701579039126676,15.631979516285583,14.53627875351873,55.04862668586747,94.55713286099567
2.368,-2.26,-0.05,-14.65,-0.39,1.73,0.77,24.67,-44.54,-11.15,0.16527440978630817,15.50233572343582,14.53627875351873,55.04862668586747,94.55713286099567
2.379,-2.26,-0.05,-14.65,-0.39,1.73,0.77,24.67,-44.54,-11.15,-0.44222013319894965,15.375712162397775,14.823380181321667,52.12238482648314,110.7736514506446
2.39,-1.66,0.99,-11.05,-0.59,2.24,0.15,24.67,-44.54,-11.15,-0.7746077641745466,15.342855655686876,14.823380181321667,52.12238482648314,110.7736514506446
2.4010000000000002,-1.66,0.99,-11.05,-0.59,2.24,0.15,24.67,-44.54,-11.15,-1.09311596350355,15.197898647308222,11.217762700289217,52.12238482648314,132.9978089110241
2.412,-1.25,0.86,-11.45,-0.78,2.17,-0.2,24.67,-44.54,-11.15,-1.3998927085211184,14.961972516874496,11.217762700289217,52.12238482648314,132.9978089110241
2.423,-1.25,0.86,-11.45,-0.78,2.17,-0.2,24.67,-44.54,-11.15,-1.7398797216235253,14.705326680047563,11.550090908733143,52.12238482648314,132.61590575386467
2.434,-0.95,1.36,-10.2,-0.91,2.19,-0.56,24.67,-44.54,-11.15,-2.109690059217289,14.446651047806299,11.550090908733143,52.12238482648314,132.61590575386467
2.445,-0.64,2.06,-8.58,-1.21,2.25,-0.87,24.67,-44.54,-11.15,-2.5029901823601888,14.07959164143054,10.334026320849004,52.12238482648314,139.61607194409865
2.456,-0.64,2.06,-8.58,-1.21,2.25,-0.87,24.67,-44.54,-11.15,-2.8991826956234155,13.704739485439731,8.847010794613059,52.12238482648314,154.62962216312417
2.467,-1.02,2.25,-8.72,-1.37,1.99,-1.04,24.67,-44.54,-11.15,-3.2867212725202153,13.21469508209853,8.847010794613059,52.12238482648314,154.62962216312417
2.478,-1.02,2.25,-8.72,-1.37,1.99,-1.04,24.67,-44.54,-11.15,-3.6788521637222735,12.729796501633544,9.063183767308264,52.12238482648314,150.7064166291245
2.489,-1.26,2.52,-8.14,-1.31,1.79,-1.2,36.56,-36.91,-11.67,-3.4797133584336626,12.235075967862045,9.063183767308264,52.12238482648314,150.7064166291245
2.5,-1.26,2.52,-8.14,-1.31,1.79,-1.2,36.56,-36.91,-11.67,-3.1407833735217463,11.830189764698844,8.613802876778642,53.24632006063893,144.49672988460568
2.511,-1.34,2.41,-8.12,-0.88,1.45,-1.38,36.56,-36.91,-11.67,-2.797149496211468,11.419488477853932,8.613802876778642,53.24632006063893,144.49672988460568
2.527,-1.34,2.41,-8.12,-0.88,1.45,-1.38,36.56,-36.91,-11.67,-2.416936163918453,10.963824722630534,8.575435848981671,53.24632006063893,125.28400536904601
2.533,-1.41,4.49,-5.15,-0.73,1.11,-1.61,36.56,-36.91,-11.67,-2.128849106334408,10.609025325389538,8.575435848981671,53.24632006063893,125.28400536904601
2.544,-1.41,4.49,-5.15,-0.73,1.11,-1.61,36.56,-36.91,-11.67,-1.827958826768185,10.261357773013785,6.976438919678149,53.24632006063893,119.59730577080812
2.555,-1.33,4.68,-5.38,-0.7,0.51,-1.41,36.56,-36.91,-11.67,-1.5251033373539742,9.872817266162045,6.976438919678149,53.24632006063893,119.59730577080812
2.566,-0.89,3.72,-4.14,-0.27,0.02,-1.31,36.56,-36.91,-11.67,-1.1806783990371033,9.504616568493105,7.25366803762069,53.24632006063893,94.81023334852708
2.577,-0.89,3.72,-4.14,-0.27,0.02,-1.31,36.56,-36.91,-11.67,-0.8332150005750844,9.117147792680115,5.63649713918139,53.24632006063893,76.64367999196682
2.588,-0.55,3.0,-4.28,0.08,-0.43,-1.5,36.56,-36.91,-11.67,-0.5020190044226573,8.779971317751034,5.63649713918139,53.24632006063893,76.64367999196682
2.599,-0.55,3.0,-4.28,0.08,-0.43,-1.5,36.56,-36.91,-11.67,-0.16701541387597474,8.417020632391981,5.255558961709021,53.24632006063893,89.52270741149238
2.61,-0.39,2.73,-1.88,0.77,-0.63,-1.96,37.09,-32.83,-10.81,0.26233274330062256,8.210936604159969,5.255558961709021,53.24632006063893,89.52270741149238
2.621,-0.39,2.73,-1.88,0.77,-0.63,-1.96,37.09,-32.83,-10.81,0.6793469942104264,8.12578957599915,3.3375739692177606,50.69845263910921,125.9386779327413
2.632,-2.07,3.32,-1.69,1.74,-1.03,-2.38,37.09,-32.83,-10.81,1.049913489870989,8.500290284793536,3.3375739692177606,50.69845263910921,125.9386779327413
2.6430000000000002,-2.07,3.32,-1.69,1.74,-1.03,-2.38,37.09,-32.83,-10.81,1.5955625658304404,8.944752543393378,4.2618540566284056,50.69845263910921,178.93261874524035
2.654,-4.71,3.09,-3.75,2.68,-1.93,-2.16,37.09,-32.83,-10.81,2.0552864269422964,10.157717585744535,4.2618540566284056,50.69845263910921,178.93261874524035
2.665,-5.95,2.1,-10.67,3.23,-2.8,-1.59,37.09,-32.83,-10.81,2.5905680024951816,11.4836359863329,6.767178141589003,50.69845263910921,226.10354930451197
2.676,-5.95,2.1,-10.67,3.23,-2.8,-1.59,37.09,-32.83,-10.81,3.1107508078166144,12.79578646264649,12.39602355596342,50.69845263910921,261.3152404407257
2.6870000000000003,-5.72,-0.17,-17.75,3.16,-2.55,-1.0,37.09,-32.83,-10.81,3.8170839947861297,13.748836692858816,12.39602355596342,50.69845263910921,261.3152404407257
2.698,-5.72,-0.17,-17.75,3.16,-2.55,-1.0,37.09,-32.83,-10.81,4.550227021698251,14.635615489809851,18.649659514318216,50.69845263910921,239.60393512970603
2.709,-3.7,0.11,-13.87,2.56,-1.24,-0.91,37.09,-32.83,-10.81,5.3242856541102075,15.180851118044856,18.649659514318216,50.69845263910921,239.60393512970603
2.72,-3.7,0.11,-13.87,2.56,-1.24,-0.91,37.09,-32.83,-10.81,6.157569987526407,15.68863643432232,14.355451926010549,50.69845263910921,171.11497502457155
2.731,-5.23,-0.08,-14.63,2.06,-0.9,-0.82,37.09,-32.83,-10.81,6.969301034674982,16.51646685743411,14.355451926010549,50.69845263910921,171.11497502457155
2.742,-5.23,-0.08,-14.63,2.06,-0.9,-0.82,37.09,-32.83,-10.81,7.816644737782541,17.21006244329145,15.536930198723299,50.69845263910921,137.10342504900177
2.753,-7.0,0.2,-17.81,1.67,-1.01,-0.47,28.57,-45.61,-7.72,7.992452629245086,18.043126606558374,15.536930198723299,50.69845263910921,137.10342504900177
2.7640000000000002,-7.0,0.2,-17.81,1.67,-1.01,-0.47,28.57,-45.61,-7.72,7.59187158770206,18.70722263173616,19.137296047247634,54.370170130320545,115.01904759609309
2.775,-5.85,-1.25,-19.45,0.92,-0.31,0.11,28.57,-45.61,-7.72,7.335024001892723,18.95973142444329,19.137296047247634,54.370170130320545,115.01904759609309
2.786,-4.05,-1.7,-17.85,-0.28,0.76,0.43,28.57,-45.61,-7.72,7.10971274852426,18.90091178857938,20.349140030969366,54.370170130320545,55.98005842906214
2.797,-4.05,-1.7,-17.85,-0.28,0.76,0.43,28.57,-45.61,-7.72,6.874703084634695,18.836186195904773,18.382464470249904,54.370170130320545,52.54057346208619
2.8080000000000003,-3.59,-1.57,-14.01,-1.71,1.35,0.55,28.57,-45.61,-7.72,6.727443683346166,18.73881962599735,18.382464470249904,54.370170130320545,52.54057346208619
2.819,-3.59,-1.57,-14.01,-1.71,1.35,0.55,28.57,-45.61,-7.72,6.572594091238175,18.633972977153846,14.547614924790937,54.370170130320545,128.74477675558066
2.83,-4.03,0.27,-9.82,-2.61,1.39,0.6,28.57,-45.61,-7.72,6.271098473607271,18.89203770688951,14.547614924790937,54.370170130320545,128.74477675558066
2.841,-4.03,0.27,-9.82,-2.61,1.39,0.6,28.57,-45.61,-7.72,5.925281582937753,19.13367071096208,10.618201354278417,54.370170130320545,172.87951171777675
2.852,-4.46,1.19,-9.29,-3.03,1.3,0.86,28.57,-45.61,-7.72,5.518065841621734,19.469460471354395,10.618201354278417,54.370170130320545,172.87951171777675
2.863,-4.46,1.19,-9.29,-3.03,1.3,0.86,28.57,-45.61,-7.72,5.064768901159072,19.85676285489798,10.373610750360744,54.370170130320545,195.23069207174203
2.874,-3.23,1.41,-7.2,-2.96,1.46,1.05,32.83,-38.16,-11.15,4.985713254589048,20.14712503645997,10.373610750360744,54.370170130320545,195.23069207174203
2.8850000000000002,-1.76,2.27,-4.02,-2.68,1.48,0.95,32.83,-38.16,-11.15,4.723654962625777,20.25017428374518,8.016295902722154,51.55886926611172,198.44283845187226
2.896,-1.76,2.27,-4.02,-2.68,1.48,0.95,32.83,-38.16,-11.15,4.462507215149644,20.35153567047493,4.940738811149603,51.55886926611172,183.66224459119428
2.907,-1.29,2.47,-4.83,-2.19,1.01,0.78,32.83,-38.16,-11.15,4.254002955234467,20.023636133109406,4.940738811149603,51.55886926611172,183.66224459119428
2.918,-1.29,2.47,-4.83,-2.19,1.01,0.78,32.83,-38.16,-11.15,4.042711929006204,19.700968235684314,5.576190455857835,51.55886926611172,145.22643587269312
2.9290000000000003,-1.23,3.09,-3.78,-1.67,0.72,0.51,32.83,-38.16,-11.15,3.787639634895273,19.107547089902226,5.576190455857835,51.55886926611172,145.22643587269312
2.94,-1.23,3.09,-3.78,-1.67,0.72,0.51,32.83,-38.16,-11.15,3.4489459612441276,18.695901929869194,5.034818765357895,51.55886926611172,108.2177590464333
2.951,-1.08,3.91,-2.21,-1.03,0.34,0.22,32.83,-38.16,-11.15,3.055032750461934,18.325997152530192,5.034818765357895,51.55886926611172,108.2177590464333
2.962,-1.08,3.91,-2.21,-1.03,0.34,0.22,32.83,-38.16,-11.15,2.4752374939166892,18.403893569600655,4.619372251724254,51.55886926611172,63.41221883934819
2.973,-1.04,3.46,-2.94,-0.33,-0.28,0.02,32.83,-38.16,-11.15,1.901886519398585,18.429794392470185,4.619372251724254,51.55886926611172,63.41221883934819
2.984,-1.04,3.46,-2.94,-0.33,-0.28,0.02,32.83,-38.16,-11.15,1.3336139118690333,18.608593828791655,4.657982395844793,51.55886926611172,24.823028660846454
2.995,-0.91,2.6,-2.55,0.49,-0.77,-0.39,34.61,-32.12,-10.81,1.0159096217719215,18.80540219668677,4.657982395844793,51.55886926611172,24.823028660846454
3.0060000000000002,-0.84,2.2,-1.73,1.47,-1.21,-0.96,34.61,-32.12,-10.81,0.6991388547169628,18.771993844080725,3.753744796866191,48.4396800154584,56.86732396901202
3.017,-0.84,2.2,-1.73,1.47,-1.21,-0.96,34.61,-32.12,-10.81,0.3614875683798907,18.728116894934004,2.9220711832534128,48.4396800154584,122.17040292543606
3.028,-2.07,0.94,-5.65,2.34,-1.92,-1.25,34.61,-32.12,-10.81,0.8039486556323363,18.48976912722823,2.9220711832534128,48.4396800154584,122.17040292543606
3.043,-2.07,0.94,-5.65,2.34,-1.92,-1.25,34.61,-32.12,-10.81,1.240964576962295,18.216131671040145,6.09023809058398,48.4396800154584,187.63383676912048
3.0500000000000003,-4.68,0.22,-14.11,2.87,-2.55,-1.31,34.61,-32.12,-10.81,1.6631977467950532,18.346638142985938,6.09023809058398,48.4396800154584,187.63383676912048
3.061,-4.68,0.22,-14.11,2.87,-2.55,-1.31,34.61,-32.12,-10.81,2.0263431147857096,18.843003681627536,14.867511560446152,48.4396800154584,232.42250298243124
3.072,-6.15,0.31,-16.34,2.71,-1.85,-1.34,34.61,-32.12,-10.81,2.382730139735079,19.553862538087202,14.867511560446152,48.4396800154584,232.42250298243124
3.083,-6.15,0.31,-16.34,2.71,-1.85,-1.34,34.61,-32.12,-10.81,2.8534882201266174,20.00789083970716,17.4617925769378,48.4396800154584,203.0745427918466
3.094,-6.19,0.62,-14.65,2.24,-1.0,-1.26,34.61,-32.12,-10.81,3.252700599875866,20.618642407509356,17.4617925769378,48.4396800154584,203.0745427918466
3.105,-7.0,-1.53,-18.39,1.81,-0.84,-1.01,34.61,-32.12,-10.81,4.1694778888187605,20.620029468382782,15.91612389999525,48.4396800154584,158.0075911249498
3.116,-7.0,-1.53,-18.39,1.81,-0.84,-1.01,34.61,-32.12,-10.81,5.078460232664973,20.614091397167456,19.736590384359705,48.4396800154584,128.1403168463725
3.1270000000000002,-6.74,-0.42,-17.66,0.88,-0.2,-0.77,28.57,-40.99,-7.72,5.479162527457499,20.446728587808423,19.736590384359705,48.4396800154584,128.1403168463725
3.138,-6.74,-0.42,-17.66,0.88,-0.2,-0.77,28.57,-40.99,-7.72,5.864798125625537,20.286972013052747,18.907130929889917,50.55713006095184,67.96979753075279
3.149,-6.59,0.13,-19.3,0.26,0.11,-0.43,28.57,-40.99,-7.72,5.8593323559925805,20.069207122629578,18.907130929889917,50.55713006095184,67.96979753075279
3.16,-6.59,0.13,-19.3,0.26,0.11,-0.43,28.57,-40.99,-7.72,5.9044272031740235,19.949937442603044,20.39448454852439,50.55713006095184,29.47253908663296
3.1710000000000003,-5.28,-1.52,-16.14,-0.56,0.68,0.14,28.57,-40.99,-7.72,5.994963316546532,19.81762809229106,20.39448454852439,50.55713006095184,29.47253908663296
3.182,-5.28,-1.52,-16.14,-0.56,0.68,0.14,28.57,-40.99,-7.72,6.0560782557131985,19.838448567517943,17.049586505249916,50.55713006095184,51.10577983036111
3.193,-4.6,-0.74,-9.66,-1.63,1.17,0.3,28.57,-40.99,-7.72,5.99547628799003,20.16160869231031,17.049586505249916,50.55713006095184,51.10577983036111
3.204,-4.6,-0.74,-9.66,-1.63,1.17,0.3,28.57,-40.99,-7.72,5.98120677312674,20.410866299190204,10.724886945791084,50.55713006095184,116.23843759866327
3.215,-4.46,1.79,-7.37,-2.92,1.17,0.45,28.57,-40.99,-7.72,5.789966579844832,20.765653214200483,10.724886945791084,50.55713006095184,116.23843759866327
3.23,-4.09,1.83,-7.74,-3.66,1.11,0.92,28.57,-40.99,-7.72,5.664460509273151,20.939452868961595,8.79844304408456,50.55713006095184,182.06900329586193
3.237,-4.09,1.83,-7.74,-3.66,1.11,0.92,28.57,-40.99,-7.72,5.535069502776434,21.104878144215533,8.943410982393686,50.55713006095184,225.3851675259859
3.248,-3.27,2.26,-5.19,-3.19,1.26,1.01,29.81,-33.01,-13.39,5.688323404384634,21.345698544873514,8.943410982393686,50.55713006095184,225.3851675259859
3.259,-3.27,2.26,-5.19,-3.19,1.26,1.01,29.81,-33.01,-13.39,5.844207236876154,21.58169417748745,6.537323611387156,46.449847147218904,204.85785271080076
3.27,-2.21,3.0,-2.1,-2.56,1.18,0.87,29.81,-33.01,-13.39,5.646458419202267,21.83409727303672,6.537323611387156,46.449847147218904,204.85785271080076
3.281,-2.21,3.0,-2.1,-2.56,1.18,0.87,29.81,-33.01,-13.39,5.42782609208694,22.040304219283513,4.277160272891349,46.449847147218904,169.02643397858574
3.2920000000000003,-1.17,3.52,-1.25,-1.79,0.62,0.65,29.81,-33.01,-13.39,5.180005993137477,22.125264725787957,4.277160272891349,46.449847147218904,169.02643397858574
3.303,-1.17,3.52,-1.25,-1.79,0.62,0.65,29.81,-33.01,-13.39,4.829994155832556,22.268261033096422,3.91430709066113,46.449847147218904,114.74901424368362
3.314,-1.09,3.58,-0.98,-0.94,-0.12,0.39,29.81,-33.01,-13.39,4.467011498156033,22.418367222363457,3.91430709066113,46.449847147218904,114.74901424368362
3.325,-1.09,3.58,-0.98,-0.94,-0.12,0.39,29.81,-33.01,-13.39,3.9847054231628176,22.729558947355727,3.8684493017228494,46.449847147218904,58.71349885799119
3.336,-1.1,2.76,-0.6,-0.1,-0.67,-0.01,29.81,-33.01,-13.39,3.5193528719869005,23.10400748570021,3.8684493017228494,46.449847147218904,58.71349885799119
3.347,-1.56,1.89,-3.68,0.91,-0.96,-0.51,29.81,-33.01,-13.39,3.1234509259408454,23.245835137346617,3.0311054089226257,46.449847147218904,38.81762633978784
3.358,-1.56,1.89,-3.68,0.91,-0.96,-0.51,29.81,-33.01,-13.39,2.700990030577923,23.399250688006575,4.421323331311566,46.449847147218904,81.22674560915021
3.37,-2.36,2.22,-4.39,1.69,-0.98,-0.94,30.35,-32.48,-11.84,2.300273215546949,23.504383811284598,4.421323331311566,46.449847147218904,81.22674560915021
3.38,-2.36,2.22,-4.39,1.69,-0.98,-0.94,30.35,-32.48,-11.84,1.6208807012518522,23.767554303043624,5.4561983101789835,46.002809696800036,124.21561144111557
3.391,-3.34,0.72,-6.09,2.34,-1.58,-1.11,30.35,-32.48,-11.84,1.0257994078850867,24.136101201550687,5.4561983101789835,46.002809696800036,124.21561144111557
3.402,-3.34,0.72,-6.09,2.34,-1.58,-1.11,30.35,-32.48,-11.84,1.017294444223715,24.54743936869849,6.982986467121356,46.002809696800036,173.8254237047708
3.4130000000000003,-4.61,-0.1,-14.4,2.94,-2.4,-1.31,30.35,-32.48,-11.84,1.3272688238612278,24.360977904422228,6.982986467121356,46.002809696800036,173.8254237047708
3.424,-4.61,-0.1,-14.4,2.94,-2.4,-1.31,30.35,-32.48,-11.84,1.6152690933256446,24.417873885153966,15.120254627485611,46.002809696800036,230.03880872645016
3.435,-7.2,0.72,-19.52,2.78,-2.02,-1.47,30.35,-32.48,-11.84,1.9241347332517293,24.540936691310947,15.120254627485611,46.002809696800036,230.03880872645016
3.446,-8.37,2.15,-21.57,1.78,-0.44,-1.31,30.35,-32.48,-11.84,2.0663962037020185,24.618130478234804,20.817992218271193,46.002809696800036,214.14905992732972
3.457,-8.37,2.15,-21.57,1.78,-0.44,-1.31,30.35,-32.48,-11.84,2.228481975776448,24.68679215503593,23.236701573157927,46.002809696800036,129.11397649361837
3.468,-6.51,1.15,-14.47,1.44,0.69,-0.76,30.35,-32.48,-11.84,2.5752779535716406,24.57680979712687,23.236701573157927,46.002809696800036,129.11397649361837
3.479,-6.51,1.15,-14.47,1.44,0.69,-0.76,30.35,-32.48,-11.84,2.925664233571527,24.472128301467123,15.908598304061863,46.002809696800036,101.32285180743645
3.49,-5.87,1.14,-15.5,1.8,0.18,-0.28,30.35,-32.48,-11.84,3.6115066465022014,23.98362883519924,15.908598304061863,46.002809696800036,101.32285180743645
3.501,-5.87,1.14,-15.5,1.8,0.18,-0.28,30.35,-32.48,-11.84,4.252096650640705,23.644140474672113,16.61344335169564,46.002809696800036,104.8810160020361
3.512,-5.12,-1.77,-19.49,0.34,0.03,0.28,26.09,-39.58,-8.41,4.791974557108625,22.852011952496554,16.61344335169564,46.002809696800036,104.8810160020361
3.523,-5.12,-1.77,-19.49,0.34,0.03,0.28,26.09,-39.58,-8.41,4.971351087357822,22.075712331004894,20.228875401267366,48.14553561858046,25.294642863999663
3.5340000000000003,-4.41,-1.82,-15.46,-0.75,0.57,0.24,26.09,-39.58,-8.41,5.029741621391964,21.53283371494247,20.228875401267366,48.14553561858046,25.294642863999663
3.545,-4.41,-1.82,-15.46,-0.75,0.57,0.24,26.09,-39.58,-8.41,5.129412958290333,21.001258801465966,16.17937267016246,48.14553561858046,55.697863520615385
3.556,-5.8,-0.8,-11.32,-2.17,1.21,0.07,26.09,-39.58,-8.41,5.058302832540168,21.045992890808947,16.17937267016246,48.14553561858046,55.697863520615385
3.567,-4.98,1.61,-7.72,-3.55,1.44,0.27,26.09,-39.58,-8.41,4.817447671578643,21.30199931397007,12.7445046981042,48.14553561858046,142.41084702275157
3.5780000000000003,-4.98,1.61,-7.72,-3.55,1.44,0.27,26.09,-39.58,-8.41,4.571129811995102,21.544130950527986,9.326891229128815,48.14553561858046,220.04115718729352
3.589,-4.32,1.49,-6.2,-4.08,1.37,0.59,26.09,-39.58,-8.41,4.3257418605479945,21.76012369758648,9.326891229128815,48.14553561858046,220.04115718729352
3.6,-4.32,1.49,-6.2,-4.08,1.37,0.59,26.09,-39.58,-8.41,4.0765972217071145,21.966519098965293,7.702110100485451,48.14553561858046,248.89988299236225
3.611,-3.69,2.38,-4.62,-3.42,1.27,0.56,26.09,-39.58,-8.41,3.708306502281444,22.131012672322015,7.702110100485451,48.14553561858046,248.89988299236225
3.622,-3.69,2.38,-4.62,-3.42,1.27,0.56,26.09,-39.58,-8.41,3.2617729517273046,22.41956200261673,6.373766547340748,48.14553561858046,211.47421267278662
3.633,-3.03,3.17,-2.3,-2.95,1.17,0.42,29.81,-29.1,-11.67,3.2541903644403827,22.7522294205107,6.373766547340748,48.14553561858046,211.47421267278662
3.644,-3.03,3.17,-2.3,-2.95,1.17,0.42,29.81,-29.1,-11.67,3.251278520080514,23.00467390575575,4.9517471664050055,43.26239706719913,183.4163103806484
3.6550000000000002,-2.63,3.4,-1.86,-2.08,0.66,0.29,29.81,-29.1,-11.67,3.231280572514779,23.22266085160649,4.9517471664050055,43.26239706719913,183.4163103806484
3.666,-2.22,4.33,-1.15,-0.95,0.01,0.1,29.81,-29.1,-11.67,3.0365522494756996,23.367709845185885,4.683641745479686,43.26239706719913,126.13012270188241
3.677,-2.22,4.33,-1.15,-0.95,0.01,0.1,29.81,-29.1,-11.67,2.835595248275435,23.512848161354412,4.99997999996,43.26239706719913,54.73471544660407
3.688,-2.4,4.33,0.82,-0.12,-0.53,0.0,29.81,-29.1,-11.67,2.4151572549413043,24.25770736011603,4.99997999996,43.26239706719913,54.73471544660407
3.6990000000000003,-2.4,4.33,0.82,-0.12,-0.53,0.0,29.81,-29.1,-11.67,1.9233778022220605,25.065273511213007,5.018097248958015,43.26239706719913,31.135393287358166
3.71,-2.75,3.05,-0.55,0.7,-1.04,-0.11,29.81,-29.1,-11.67,1.4649759880351718,25.88956346474427,5.018097248958015,43.26239706719913,31.135393287358166
3.721,-2.75,3.05,-0.55,0.7,-1.04,-0.11,29.81,-29.1,-11.67,0.9829757979964092,26.823286855139216,4.1433681950799395,43.26239706719913,72.10395562320835
3.732,-3.91,2.24,-5.64,1.82,-1.34,-0.31,29.81,-29.1,-11.67,0.6076679157246867,27.60729111072122,4.1433681950799395,43.26239706719913,72.10395562320835
3.743,-3.91,2.24,-5.64,1.82,-1.34,-0.31,29.81,-29.1,-11.67,0.31137013927924734,28.02803880748867,7.219092740781212,43.26239706719913,130.7059773923753
3.754,-4.03,1.67,-7.15,2.41,-1.33,-0.38,28.75,-30.17,-10.98,0.02162778556145492,28.331414148914206,7.219092740781212,43.26239706719913,130.7059773923753
3.765,-4.03,1.67,-7.15,2.41,-1.33,-0.38,28.75,-30.17,-10.98,-0.3953805117819873,28.95275828978349,8.375696985923023,43.09700453627839,159.21011573069308
3.7760000000000002,-3.15,0.17,-8.56,2.3,-1.42,-0.5,28.75,-30.17,-10.98,-0.5575639294109942,29.24831929840842,8.375696985923023,43.09700453627839,159.21011573069308
3.787,-3.37,-0.31,-14.61,2.36,-1.75,-1.01,28.75,-30.17,-10.98,-0.4568045363243721,29.42430139136195,9.122773701018787,43.09700453627839,157.49983461333773
3.799,-3.37,-0.31,-14.61,2.36,-1.75,-1.01,28.75,-30.17,-10.98,-0.36648147895514316,29.601819513472606,14.996836333040378,43.09700453627839,178.0064702520202
3.809,-6.03,1.99,-21.2,2.4,-1.55,-1.55,28.75,-30.17,-10.98,0.0412308115700212,29.03479450617685,14.996836333040378,43.09700453627839,178.0064702520202
3.8200000000000003,-6.03,1.99,-21.2,2.4,-1.55,-1.55,28.75,-30.17,-10.98,0.46496653464619325,28.50311605434969,22.13054450301664,43.09700453627839,186.23331895199118
3.831,-7.07,3.4,-24.9,1.68,-0.18,-1.4,28.75,-30.17,-10.98,1.3708113213622573,26.94339249193912,22.13054450301664,43.09700453627839,186.23331895199118
3.842,-7.07,3.4,-24.9,1.68,-0.18,-1.4,28.75,-30.17,-10.98,2.4843782134303654,25.46314383472803,26.106606443580517,43.09700453627839,125.7221381222756
3.853,-6.3,0.48,-16.88,1.38,1.15,-0.99,28.75,-30.17,-10.98,3.367775001127558,24.862916018487766,26.106606443580517,43.09700453627839,125.7221381222756
3.864,-6.3,0.48,-16.88,1.38,1.15,-0.99,28.75,-30.17,-10.98,4.233578971023393,24.293928365021955,18.023728803996136,43.09700453627839,117.51921678814662
3.875,-4.41,0.26,-18.07,1.3,0.79,-0.85,28.75,-30.17,-10.98,5.170493307453922,23.27093121325734,18.023728803996136,43.09700453627839,117.51921678814662
3.886,-3.68,-1.63,-16.57,0.03,0.73,-0.68,25.73,-39.58,-10.12,5.742813602087012,22.34712113411625,18.60216654048662,43.09700453627839,99.842725135313
3.8970000000000002,-3.68,-1.63,-16.57,0.03,0.73,-0.68,25.73,-39.58,-10.12,6.253308278140278,21.47675722058065,17.051809288166464,48.28067625872695,57.18681391616165
3.908,-5.38,-0.22,-12.56,-0.84,0.8,-0.85,25.73,-39.58,-10.12,6.053507086287944,21.217546882684218,17.051809288166464,48.28067625872695,57.18681391616165
3.919,-5.38,-0.22,-12.56,-0.84,0.8,-0.85,25.73,-39.58,-10.12,5.837931467409023,20.968481134246915,13.665518650969673,48.28067625872695,82.3964308235453
3.93,-6.1,0.92,-7.94,-2.22,1.08,-0.53,25.73,-39.58,-10.12,5.48264757111415,21.20307354269383,13.665518650969673,48.28067625872695,82.3964308235453
3.9410000000000003,-6.1,0.92,-7.94,-2.22,1.08,-0.53,25.73,-39.58,-10.12,5.190729577510427,21.456556967253945,10.054849576199537,48.28067625872695,144.6726941954489
3.952,-4.78,1.81,-4.84,-3.35,1.01,0.07,25.73,-39.58,-10.12,4.824743810874548,21.670570534197807,10.054849576199537,48.28067625872695,144.6726941954489
3.963,-4.78,1.81,-4.84,-3.35,1.01,0.07,25.73,-39.58,-10.12,4.487477034208048,21.714189672037676,7.0391831912516665,48.28067625872695,200.51476447326476
3.974,-3.87,1.81,-5.53,-3.59,0.53,0.6,25.73,-39.58,-10.12,4.166490429936119,21.558211644458083,7.0391831912516665,48.28067625872695,200.51476447326476
3.985,-3.87,1.81,-5.53,-3.59,0.53,0.6,25.73,-39.58,-10.12,3.7562086718183503,21.428920412722817,6.98812564283156,48.28067625872695,210.7441271051435
3.996,-3.66,2.37,-3.77,-3.22,0.42,0.68,25.73,-39.58,-10.12,3.300309046864321,21.376433293135918,6.98812564283156,48.28067625872695,210.7441271051435
4.007,-3.44,3.25,-2.54,-2.5,0.36,0.5,30.88,-26.27,-13.04,3.364828138792346,21.491099231235665,5.764147812122794,48.28067625872695,190.09078372148736
4.018,-3.44,3.25,-2.54,-2.5,0.36,0.5,30.88,-26.27,-13.04,3.4277132048508117,21.607502678452164,5.371005492456696,42.587896167808054,147.525228276515
4.029,-3.45,3.67,-2.67,-1.61,0.16,0.32,30.88,-26.27,-13.04,3.49705104402523,21.79162866814869,5.371005492456696,42.587896167808054,147.525228276515
4.04,-3.45,3.67,-2.67,-1.61,0.16,0.32,30.88,-26.27,-13.04,3.5616665657613527,21.979232395120164,5.70090343717555,42.587896167808054,94.49635735131247
4.051,-3.35,4.31,-1.53,-0.85,-0.09,0.16,30.88,-26.27,-13.04,3.442176237128404,22.461685528056393,5.70090343717555,42.587896167808054,94.49635735131247
4.062,-3.35,4.31,-1.53,-0.85,-0.09,0.16,30.88,-26.27,-13.04,3.1718223059085133,23.35996529350254,5.669171015236707,42.587896167808054,49.82427281836515
4.073,-2.77,4.36,0.92,0.19,-0.51,0.04,30.88,-26.27,-13.04,2.7908912297544,24.408530720334724,5.669171015236707,42.587896167808054,49.82427281836515
4.0840000000000005,-2.77,4.36,0.92,0.19,-0.51,0.04,30.88,-26.27,-13.04,2.3618001551034054,25.66898914483255,5.246799024167021,42.587896167808054,31.266911120759872
4.095,-2.81,3.22,-0.67,1.32,-1.09,-0.08,30.88,-26.27,-13.04,1.9154270663887976,26.992607940229732,5.246799024167021,42.587896167808054,31.266911120759872
4.106,-3.43,1.85,-6.16,1.87,-1.21,-0.28,30.88,-26.27,-13.04,1.6427605798451272,28.302126013615336,4.325898750548839,42.587896167808054,98.18998915036855
4.117,-3.43,1.85,-6.16,1.87,-1.21,-0.28,30.88,-26.27,-13.04,1.2331441084966033,29.831791579193876,7.289238643370101,42.587896167808054,128.6210492891781
4.128,-4.1,1.75,-9.05,2.02,-0.62,-0.49,27.33,-28.75,-11.33,0.7483303092671096,30.307318117410006,7.289238643370101,42.587896167808054,128.6210492891781
4.139,-4.1,1.75,-9.05,2.02,-0.62,-0.49,27.33,-28.75,-11.33,0.21630791353023404,30.80869445388977,10.088359628799918,41.253609539045186,124.27902315423249
4.15,-4.06,1.45,-7.93,2.52,-0.28,-0.48,27.33,-28.75,-11.33,-0.6892081574815325,32.17694014805468,10.088359628799918,41.253609539045186,124.27902315423249
4.1610000000000005,-4.06,1.45,-7.93,2.52,-0.28,-0.48,27.33,-28.75,-11.33,-1.3906377951820554,33.47524438257123,9.026128738279771,41.253609539045186,147.85419860794693
4.172,-3.21,-0.43,-10.42,2.01,-0.54,-0.53,27.33,-28.75,-11.33,-1.6508194935995997,34.29525165384375,9.026128738279771,41.253609539045186,147.85419860794693
4.183,-3.21,-0.43,-10.42,2.01,-0.54,-0.53,27.33,-28.75,-11.33,-1.1644586184934285,34.08571899045663,10.911709306978445,41.253609539045186,123.05394170876512
4.194,-4.94,0.26,-13.03,2.12,-1.03,-0.95,27.33,-28.75,-11.33,-0.6122949026915503,33.850683164663025,10.911709306978445,41.253609539045186,123.05394170876512
4.205,-4.94,0.26,-13.03,2.12,-1.03,-0.95,27.33,-28.75,-11.33,0.6150219353293406,32.72946783136145,13.93743520164309,41.253609539045186,145.6011910909586
4.216,-7.67,0.99,-16.79,2.6,-1.51,-1.05,27.33,-28.75,-11.33,1.822511716857529,31.74701925158506,13.93743520164309,41.253609539045186,145.6011910909586
4.227,-8.97,0.56,-18.73,2.26,-1.24,-0.66,27.33,-28.75,-11.33,3.2699854027409976,30.843335671280087,18.485483493812108,41.253609539045186,182.47244089349252
4.238,-8.97,0.56,-18.73,2.26,-1.24,-0.66,27.33,-28.75,-11.33,4.570632474215672,30.026545459715337,20.77468170634631,41.253609539045186,152.46276661258366
4.249,-8.19,-0.48,-17.83,1.54,-0.49,-0.15,22.01,-37.62,-9.27,5.185993448669001,29.54470004414611,20.77468170634631,41.253609539045186,152.46276661258366
4.26,-8.19,-0.48,-17.83,1.54,-0.49,-0.15,22.01,-37.62,-9.27,5.729329037315018,29.093826404163295,19.626905003081866,44.56049146946204,92.99230337614472
4.271,-6.18,-0.29,-14.67,0.58,0.17,0.19,22.01,-37.62,-9.27,6.249125384777901,28.465266750161447,19.626905003081866,44.56049146946204,92.99230337614472
4.282,-6.18,-0.29,-14.67,0.58,0.17,0.19,22.01,-37.62,-9.27,6.061968394662327,27.808604834764765,15.921224827254969,44.56049146946204,36.300392131418
4.293,-5.61,-0.73,-12.9,-0.72,0.11,0.47,22.01,-37.62,-9.27,5.821873927423304,27.26279406571898,15.921224827254969,44.56049146946204,36.300392131418
4.304,-5.61,-0.73,-12.9,-0.72,0.11,0.47,22.01,-37.62,-9.27,5.5732936432289,26.75778155149331,14.085985943482976,44.56049146946204,49.665890623231796
4.315,-5.59,0.24,-11.23,-1.84,-0.34,0.67,22.01,-37.62,-9.27,5.177498009501119,26.409534438619403,14.085985943482976,44.56049146946204,49.665890623231796
4.3260000000000005,-5.0,0.57,-10.76,-3.06,-0.76,0.98,22.01,-37.62,-9.27,4.803186443913792,25.932610879954453,12.546656925253037,44.56049146946204,113.87455099003196
4.337,-5.0,0.57,-10.76,-3.06,-0.76,0.98,22.01,-37.62,-9.27,4.402763157303685,25.47632800977199,11.878657331533729,44.56049146946204,189.1767472637375
4.348,-4.82,0.89,-7.67,-3.57,-0.38,1.07,22.01,-37.62,-9.27,3.9476599094424767,25.15611889564225,11.878657331533729,44.56049146946204,189.1767472637375
4.36,-4.82,0.89,-7.67,-3.57,-0.38,1.07,22.01,-37.62,-9.27,3.476424786458009,24.84843212307507,9.10238430302742,44.56049146946204,214.64286821913004
4.37,-4.77,2.49,-3.59,-3.37,0.31,0.84,22.01,-37.62,-9.27,2.7467550535405802,24.95025376713818,9.10238430302742,44.56049146946204,214.64286821913004
4.381,-4.77,2.49,-3.59,-3.37,0.31,0.84,22.01,-37.62,-9.27,1.8780624890553888,25.3611810371317,6.468469679916572,44.56049146946204,199.78570841592446
4.392,-3.93,3.37,-1.54,-2.67,0.38,0.7,23.43,-29.46,-12.36,1.3071490670271622,25.79674552037001,6.468469679916572,44.56049146946204,199.78570841592446
4.408,-3.93,3.37,-1.54,-2.67,0.38,0.7,23.43,-29.46,-12.36,0.9437133659166126,26.367137750849565,5.401240598232965,39.618507039008925,159.64150631037708
4.414,-3.4,3.4,-1.11,-1.64,0.07,0.62,23.43,-29.46,-12.36,0.5612981925612276,26.908325705593484,5.401240598232965,39.618507039008925,159.64150631037708
4.425,-3.4,3.4,-1.11,-1.64,0.07,0.62,23.43,-29.46,-12.36,0.148660548280018,27.379109579385542,4.934784696417869,39.618507039008925,100.53572733636116
4.436,-2.83,3.27,0.46,-0.46,-0.19,0.39,23.43,-29.46,-12.36,-0.288694606651,27.914398229270418,4.934784696417869,39.618507039008925,100.53572733636116
4.447,-1.85,2.18,1.43,0.67,-0.51,0.05,23.43,-29.46,-12.36,-0.8967070623516022,28.78588392633911,4.348953897203327,39.618507039008925,36.227972324361396
4.458,-1.85,2.18,1.43,0.67,-0.51,0.05,23.43,-29.46,-12.36,-1.568371297270779,29.721396683835806,3.196842191913764,39.618507039008925,48.32925323273013
4.469,-2.72,0.8,-3.07,1.32,-0.7,-0.52,23.43,-29.46,-12.36,-2.008649781620566,30.37938601990801,3.196842191913764,39.618507039008925,48.32925323273013
4.48,-2.72,0.8,-3.07,1.32,-0.7,-0.52,23.43,-29.46,-12.36,-2.4835009549025076,31.08674875893942,4.1789113414859616,39.618507039008925,90.64329943691037
4.491,-5.04,1.69,-5.6,1.73,-0.32,-1.05,23.43,-29.46,-12.36,-3.0535212276826837,31.917084588729367,4.1789113414859616,39.618507039008925,90.64329943691037
4.502,-5.04,1.69,-5.6,1.73,-0.32,-1.05,23.43,-29.46,-12.36,-3.785689387099313,32.79794275265262,7.721249898818196,39.618507039008925,117.3906490998295
4.513,-5.9,1.72,-8.04,1.51,-0.1,-0.96,22.36,-29.81,-9.61,-4.638228152345638,33.610073518962494,7.721249898818196,39.618507039008925,117.3906490998295
4.524,-5.9,1.72,-8.04,1.51,-0.1,-0.96,22.36,-29.81,-9.61,-5.163709482681431,34.50217665720213,10.11978260636067,38.48321452269807,102.68100678476385
4.535,-6.38,1.25,-12.18,1.3,-0.19,-0.79,22.36,-29.81,-9.61,-5.436758820978346,34.91237329451698,10.11978260636067,38.48321452269807,102.68100678476385
4.546,-6.38,1.25,-12.18,1.3,-0.19,-0.79,22.36,-29.81,-9.61,-5.578652256469774,35.304498431690305,13.80649484843999,38.48321452269807,87.83650427810525
4.557,-7.79,0.52,-16.77,2.03,-0.41,-0.9,22.36,-29.81,-9.61,-5.329737771326458,35.31118209645844,13.80649484843999,38.48321452269807,87.83650427810525
4.5680000000000005,-8.97,1.62,-21.05,1.76,-0.05,-1.0,22.36,-29.81,-9.61,-4.935081248611047,34.71652589924166,18.498308030736215,38.48321452269807,129.37940167858977
4.579,-8.97,1.62,-21.05,1.76,-0.05,-1.0,22.36,-29.81,-9.61,-4.54620840599913,34.170513308668575,22.93878375154184,38.48321452269807,116.01652604557316
4.591,-9.07,3.29,-17.54,1.9,0.97,-0.77,22.36,-29.81,-9.61,-4.373335808757947,33.920420999918164,22.93878375154184,38.48321452269807,116.01652604557316
4.601,-9.07,3.29,-17.54,1.9,0.97,-0.77,22.36,-29.81,-9.61,-4.143742119133283,33.75594504093432,20.018506437794002,38.48321452269807,129.94652478304454
4.612,-6.64,1.07,-14.01,1.24,1.16,-0.03,22.36,-29.81,-9.61,-3.759899894913119,33.646073493179514,20.018506437794002,38.48321452269807,129.94652478304454
4.623,-6.64,1.07,-14.01,1.24,1.16,-0.03,22.36,-29.81,-9.61,-3.1648560103382377,33.19496922080529,15.540740008120592,38.48321452269807,97.30334934661226
4.634,-5.38,-0.02,-13.31,0.44,0.64,0.27,25.2,-35.85,-8.58,-2.5876137447917746,32.63752798595161,15.540740008120592,38.48321452269807,97.30334934661226
4.6450000000000005,-5.38,-0.02,-13.31,0.44,0.64,0.27,25.2,-35.85,-8.58,-1.6804190170094477,31.675257663295028,14.356214682150723,44.65287112829365,47.11162673101981
4.656,-3.73,-0.29,-12.77,-0.01,0.01,0.22,25.2,-35.85,-8.58,-0.7942219879159572,30.514912040897556,14.356214682150723,44.65287112829365,47.11162673101981
4.667,-4.08,-0.26,-9.7,-0.83,-0.23,0.11,25.2,-35.85,-8.58,-0.3901386114570764,29.745555126061703,13.306761439208262,44.65287112829365,12.631088179985555
4.678,-4.08,-0.26,-9.7,-0.83,-0.23,0.11,25.2,-35.85,-8.58,-0.03512483389679989,29.001489993568512,10.52634789468788,44.65287112829365,49.748444269885
4.689,-4.85,0.9,-7.0,-1.9,-0.11,0.02,25.2,-35.85,-8.58,0.08937983430384332,28.719710135781625,10.52634789468788,44.65287112829365,49.748444269885
4.7,-4.85,0.9,-7.0,-1.9,-0.11,0.02,25.2,-35.85,-8.58,0.19871950284565562,28.444507658848465,8.563439729454513,44.65287112829365,109.05029116383663
4.711,-5.22,1.91,-4.43,-2.53,0.05,0.09,25.2,-35.85,-8.58,0.15405145457830716,28.418934251525414,8.563439729454513,44.65287112829365,109.05029116383663
4.722,-5.22,1.91,-4.43,-2.53,0.05,0.09,25.2,-35.85,-8.58,0.0111616183525164,28.459267247314713,7.10784074104084,44.65287112829365,145.07829924940634
4.7330000000000005,-5.22,2.36,-3.49,-2.13,-0.13,0.22,25.2,-35.85,-8.58,-0.19112796286699418,28.57700531994591,7.10784074104084,44.65287112829365,145.07829924940634
4.744,-5.22,2.36,-3.49,-2.13,-0.13,0.22,25.2,-35.85,-8.58,-0.5867911524132589,28.93508436945828,6.70806231336591,44.65287112829365,122.91513895376781
4.755,-5.13,2.73,-3.51,-1.75,-0.27,0.28,25.2,-35.85,-8.58,-1.012298481265037,29.267632103004644,6.70806231336591,44.65287112829365,122.91513895376781
4.766,-5.13,2.73,-3.51,-1.75,-0.27,0.28,25.2,-35.85,-8.58,-1.3708293215326026,29.460052537667522,6.7889542640969385,44.65287112829365,102.71457076611742
4.777,-5.0,2.46,-2.45,-1.26,-0.27,0.24,23.25,-28.93,-12.18,-1.5090441559659986,29.73432599665452,6.7889542640969385,44.65287112829365,102.71457076611742
4.788,-4.38,2.41,-1.83,-0.5,-0.3,0.07,23.25,-28.93,-12.18,-1.5855285992634962,30.05910254577438,6.087207898536077,39.062255439234434,75.10119566262031
4.799,-4.38,2.41,-1.83,-0.5,-0.3,0.07,23.25,-28.93,-12.18,-1.6731071452710142,30.39632940590448,5.3236641516910135,39.062255439234434,33.64877278771174
4.8100000000000005,-3.82,2.12,-1.19,0.23,-0.27,-0.12,23.25,-28.93,-12.18,-1.9172651245048942,31.054354572201873,5.3236641516910135,39.062255439234434,33.64877278771174
4.821,-3.82,2.12,-1.19,0.23,-0.27,-0.12,23.25,-28.93,-12.18,-2.2034359376484716,31.76048223391443,4.528012809169161,39.062255439234434,21.453425140793872
4.832,-3.54,0.83,-2.05,0.69,-0.08,-0.36,23.25,-28.93,-12.18,-2.581082545581545,32.65456360234272,4.528012809169161,39.062255439234434,21.453425140793872
4.843,-3.54,0.83,-2.05,0.69,-0.08,-0.36,23.25,-28.93,-12.18,-3.095780450315479,34.00450336050764,4.174086726458855,39.062255439234434,44.82639587165344
4.854,-5.34,0.91,-5.89,1.2,0.0,-0.62,23.25,-28.93,-12.18,-3.62424063982566,35.389971984882635,4.174086726458855,39.062255439234434,44.82639587165344
4.865,-5.34,0.91,-5.89,1.2,0.0,-0.62,23.25,-28.93,-12.18,-3.7795133517661945,36.43686366419696,8.002237187187093,39.062255439234434,77.38961109193808
4.876,-7.28,1.8,-10.35,2.07,-0.32,-0.57,23.25,-28.93,-12.18,-3.874925540851221,37.259253826537716,8.002237187187093,39.062255439234434,77.38961109193808
4.8870000000000005,-7.02,1.03,-13.32,2.17,-0.39,-0.35,20.59,-34.07,-9.27,-4.173227984771604,37.46114030333531,12.781271454749719,39.062255439234434,124.37539982860493
4.898,-7.02,1.03,-13.32,2.17,-0.39,-0.35,20.59,-34.07,-9.27,-4.471390360916892,37.66363388756797,15.091842167210734,40.873535447768646,127.90568965172552
4.909,-6.12,0.52,-12.82,2.05,0.16,-0.35,20.59,-34.07,-9.27,-4.74140080257445,37.89170316812256,15.091842167210734,40.873535447768646,127.90568965172552
4.92,-6.12,0.52,-12.82,2.05,0.16,-0.35,20.59,-34.07,-9.27,-5.013581272094308,38.11896281432172,14.21538603063596,40.873535447768646,119.50806377128318
4.931,-6.67,0.83,-16.42,1.79,0.49,-0.45,20.59,-34.07,-9.27,-5.162778759010472,38.10880583254064,14.21538603063596,40.873535447768646,119.50806377128318
4.942,-6.67,0.83,-16.42,1.79,0.49,-0.45,20.59,-34.07,-9.27,-5.044819986611574,37.53419478830885,17.742440643834772,40.873535447768646,109.41393840177689
4.953,-8.09,1.26,-16.23,1.43,0.78,-0.37,20.59,-34.07,-9.27,-5.098190665924636,37.30151556777392,17.742440643834772,40.873535447768646,109.41393840177689
4.964,-8.09,1.26,-16.23,1.43,0.78,-0.37,20.59,-34.07,-9.27,-4.77655928909507,36.576866432941856,18.178245239846447,40.873535447768646,95.70624994117556
4.9750000000000005,-6.62,0.36,-12.84,1.41,0.66,0.1,20.59,-34.07,-9.27,-4.523651007780751,36.113967980198424,18.178245239846447,40.873535447768646,95.70624994117556
4.986,-6.62,0.36,-12.84,1.41,0.66,0.1,20.59,-34.07,-9.27,-4.012550018745183,35.28134208657124,14.450591683387916,40.873535447768646,89.38325242473324
4.997,-4.77,-0.48,-14.62,0.98,0.24,0.39,20.59,-34.07,-9.27,-3.318700291502617,33.93733579197645,14.450591683387916,40.873535447768646,89.38325242473324
5.008,-4.75,-0.64,-16.97,-0.24,0.07,0.37,23.43,-36.91,-8.92,-2.537659062861914,32.28772043822454,15.385957883732814,40.873535447768646,61.977509712384716
5.019,-4.75,-0.64,-16.97,-0.24,0.07,0.37,23.43,-36.91,-8.92,-1.9006380165564918,30.754625417611194,17.633859475452333,44.619271621128014,25.584987515970017
5.03,-5.54,-0.58,-12.94,-1.64,0.56,0.35,23.43,-36.91,-8.92,-1.4488179475979006,29.89043850274996,17.633859475452333,44.619271621128014,25.584987515970017
5.041,-5.54,-0.58,-12.94,-1.64,0.56,0.35,23.43,-36.91,-8.92,-1.0526053189756979,29.06684147886493,14.087994889266534,44.619271621128014,101.29692891806596
5.0520000000000005,-5.03,0.54,-7.6,-3.1,1.05,0.42,23.43,-36.91,-8.92,-1.1154208874127076,28.601238619136723,14.087994889266534,44.619271621128014,101.29692891806596
5.063,-5.03,0.54,-7.6,-3.1,1.05,0.42,23.43,-36.91,-8.92,-1.1923673293160482,28.195879925290754,9.129759032964671,44.619271621128014,189.06652285543012
5.074,-4.15,1.16,-6.94,-3.12,0.87,0.48,23.43,-36.91,-8.92,-1.3324853716062168,27.710613418295807,9.129759032964671,44.619271621128014,189.06652285543012
5.085,-4.15,1.16,-6.94,-3.12,0.87,0.48,23.43,-36.91,-8.92,-1.502791158994365,27.27490452184277,8.168947300601223,44.619271621128014,187.60934103322498
5.096,-4.2,1.59,-6.91,-2.45,0.65,0.42,23.43,-36.91,-8.92,-1.714449598528012,26.86180843882198,8.168947300601223,44.619271621128014,187.60934103322498
5.107,-4.24,1.98,-5.36,-2.33,0.74,0.35,23.43,-36.91,-8.92,-2.0916323916983237,26.699779209493045,8.241128563491774,44.619271621128014,147.21113354283884
5.118,-4.24,1.98,-5.36,-2.33,0.74,0.35,23.43,-36.91,-8.92,-2.4618789101187963,26.5408507969901,7.115307442408937,44.619271621128014,141.49853684304168
5.1290000000000004,-3.81,2.42,-2.85,-1.99,0.81,0.27,23.43,-36.91,-8.92,-2.8985825884885563,26.530623460448297,7.115307442408937,44.619271621128014,141.49853684304168
5.14,-3.81,2.42,-2.85,-1.99,0.81,0.27,23.43,-36.91,-8.92,-3.333347245182612,26.51934137867427,5.3380708125689,44.619271621128014,124.07017069320115
5.151,-3.48,3.16,-0.85,-1.21,0.56,0.15,27.15,-27.51,-13.21,-3.2986847181299974,26.6666242432012,5.3380708125689,44.619271621128014,124.07017069320115
5.162,-3.48,3.16,-0.85,-1.21,0.56,0.15,27.15,-27.51,-13.21,-3.0793215618139795,27.124037182710495,4.776871361047941,40.84637927650381,76.87462514569512
5.173,-3.43,3.65,1.65,-0.24,0.05,0.02,27.15,-27.51,-13.21,-2.9905164424716206,27.842519867872127,4.776871361047941,40.84637927650381,76.87462514569512
5.184,-3.43,3.65,1.65,-0.24,0.05,0.02,27.15,-27.51,-13.21,-3.0295988135033745,28.746571225512497,5.2735092680301605,40.84637927650381,14.092898359660104
5.195,-3.83,2.87,1.93,0.89,-0.53,-0.16,27.15,-27.51,-13.21,-3.10188547131614,29.86096356582098,5.2735092680301605,40.84637927650381,14.092898359660104
5.206,-3.83,2.87,1.93,0.89,-0.53,-0.16,27.15,-27.51,-13.21,-3.3863743262874237,31.43209340437673,5.160494162384063,40.84637927650381,60.05406777332325
5.2170000000000005,-4.93,2.12,-1.24,1.83,-1.05,-0.33,27.15,-27.51,-13.21,-3.664335254042396,33.04220320724524,5.160494162384063,40.84637927650381,60.05406777332325
5.228,-5.48,1.12,-7.07,2.36,-1.41,-0.19,27.15,-27.51,-13.21,-3.4981211704899304,33.782285566435775,5.507894334498438,40.84637927650381,122.35432888933092
5.24,-5.48,1.12,-7.07,2.36,-1.41,-0.19,27.15,-27.51,-13.21,-3.380756574937921,34.58516987786085,9.014970881816536,40.84637927650381,157.88912204683126
5.25,-4.87,-0.47,-10.25,2.38,-1.21,-0.08,27.15,-27.51,-13.21,-2.7841702765981644,34.61280007702574,9.014970881816536,40.84637927650381,157.88912204683126
5.261,-4.87,-0.47,-10.25,2.38,-1.21,-0.08,27.15,-27.51,-13.21,-2.186354359490572,34.64126936228591,11.357829898356464,40.84637927650381,153.04409504028175
5.272,-3.92,-0.67,-12.45,2.01,-0.94,-0.4,24.14,-34.43,-9.95,-2.1290898440132993,34.79823795664656,11.357829898356464,40.84637927650381,153.04409504028175
5.283,-3.92,-0.67,-12.45,2.01,-0.94,-0.4,24.14,-34.43,-9.95,-2.2767450505576545,35.35626800777247,13.069728382793576,43.21072783464773,129.1851486880543
5.2940000000000005,-6.33,-0.81,-15.58,2.06,-0.89,-0.86,24.14,-34.43,-9.95,-2.3152355550762898,35.99169822689531,13.069728382793576,43.21072783464773,129.1851486880543
5.3100000000000005,-6.33,-0.81,-15.58,2.06,-0.89,-0.86,24.14,-34.43,-9.95,-1.9825027487715001,35.738222072807034,16.836311947692106,43.21072783464773,137.69238001146914
5.316,-7.91,0.15,-20.08,1.95,-0.63,-1.02,24.14,-34.43,-9.95,-1.567430181120765,35.091122625327856,16.836311947692106,43.21072783464773,137.69238001146914
5.327,-8.27,1.04,-19.7,2.23,-0.02,-0.77,24.14,-34.43,-9.95,-0.886810572161129,33.94141015725067,21.58233073604424,43.21072783464773,131.15353107252406
5.338,-8.27,1.04,-19.7,2.23,-0.02,-0.77,24.14,-34.43,-9.95,-0.29465959725941226,32.91022274507624,21.39075734984622,43.21072783464773,135.17676096665198
5.349,-7.35,-1.2,-20.04,1.27,0.72,-0.16,24.14,-34.43,-9.95,0.6049771771585228,31.908154299415898,21.39075734984622,43.21072783464773,135.17676096665198
5.36,-7.35,-1.2,-20.04,1.27,0.72,-0.16,24.14,-34.43,-9.95,1.3928818657047415,30.993935158986872,21.379057509628435,43.21072783464773,84.1468063347643
5.371,-5.38,-2.3,-18.5,-0.05,1.38,0.07,24.14,-34.43,-9.95,2.2582340652787423,29.957184897703414,21.379057509628435,43.21072783464773,84.1468063347643
5.382,-5.38,-2.3,-18.5,-0.05,1.38,0.07,24.14,-34.43,-9.95,3.1022168052670267,28.82283356467609,19.403205920671976,43.21072783464773,79.2216459053487
5.393,-5.29,-2.61,-16.55,-1.72,1.82,-0.06,25.73,-38.51,-10.12,3.7679543350774494,27.94252438436854,19.403205920671976,43.21072783464773,79.2216459053487
5.404,-5.29,-2.61,-16.55,-1.72,1.82,-0.06,25.73,-38.51,-10.12,4.425746080269811,26.964985119065688,17.569823562005396,47.40746143804792,143.5187798251981
5.415,-6.28,-2.82,-12.6,-3.7,2.46,-0.24,25.73,-38.51,-10.12,4.9979492480311505,26.55896292528594,17.569823562005396,47.40746143804792,143.5187798251981
5.426,-6.28,-2.82,-12.6,-3.7,2.46,-0.24,25.73,-38.51,-10.12,5.057245407840289,26.061841960599693,14.357952500269668,47.40746143804792,254.94497344555063
5.437,-6.3,-0.88,-6.27,-4.54,2.74,-0.39,25.73,-38.51,-10.12,4.9125643217333135,26.088100700093335,14.357952500269668,47.40746143804792,254.94497344555063
5.448,-5.32,0.42,-5.03,-4.13,2.18,-0.26,25.73,-38.51,-10.12,4.6958100140939,25.86571066766578,8.931813925513675,47.40746143804792,304.6460292915157
5.4590000000000005,-5.32,0.42,-5.03,-4.13,2.18,-0.26,25.73,-38.51,-10.12,4.472243697300372,25.65010298194143,7.333464392768264,47.40746143804792,267.9881083902268
5.47,-4.83,0.63,-5.66,-3.86,1.85,-0.09,25.73,-38.51,-10.12,4.159910097681255,25.242381709841723,7.333464392768264,47.40746143804792,267.9881083902268
5.481,-4.83,0.63,-5.66,-3.86,1.85,-0.09,25.73,-38.51,-10.12,3.8429670963217673,24.851099356970494,7.467355622976584,47.40746143804792,245.30490610052064
5.493,-4.42,1.61,-5.15,-3.93,2.02,-0.17,25.73,-38.51,-10.12,3.405285628994444,24.505271368693315,7.467355622976584,47.40746143804792,245.30490610052064
5.503,-4.42,1.61,-5.15,-3.93,2.02,-0.17,25.73,-38.51,-10.12,2.92014935504829,24.47895536633777,6.97502688166863,47.40746143804792,253.36268851075852
5.514,-4.32,3.21,-1.57,-3.84,2.09,-0.35,25.73,-38.51,-10.12,2.3302659117044406,24.68924385076963,6.97502688166863,47.40746143804792,253.36268851075852
5.525,-4.32,3.21,-1.57,-3.84,2.09,-0.35,25.73,-38.51,-10.12,1.619588427281225,25.233331161266477,5.6063713754977025,47.40746143804792,251.2940896839715
5.5360000000000005,-3.39,5.84,-0.59,-3.42,1.52,-0.36,35.85,-18.1,-7.89,1.6257228164239022,25.73150173159624,5.6063713754977025,47.40746143804792,251.2940896839715
5.547,-4.13,5.25,-5.09,-3.16,0.67,0.06,35.85,-18.1,-7.89,2.0154499680276965,26.338976479459873,6.7783331284320925,40.9277973998113,215.42298783162863
5.558,-4.13,5.25,-5.09,-3.16,0.67,0.06,35.85,-18.1,-7.89,2.3868853045682203,26.961106966247442,8.398065253378304,40.9277973998113,185.11148252352578
5.569,-2.68,5.24,-7.19,-2.96,0.63,0.29,35.85,-18.1,-7.89,2.778442297278847,27.03978181920192,8.398065253378304,40.9277973998113,185.11148252352578
5.58,-2.68,5.24,-7.19,-2.96,0.63,0.29,35.85,-18.1,-7.89,3.1735404968215364,27.109144483999515,9.291722122405513,40.9277973998113,174.1885931128056
5.591,-2.01,5.75,-6.56,-2.85,0.59,0.4,35.85,-18.1,-7.89,3.5554017439877783,27.23821565391755,9.291722122405513,40.9277973998113,174.1885931128056
5.602,-2.01,5.75,-6.56,-2.85,0.59,0.4,35.85,-18.1,-7.89,4.01091443776909,27.26734179685188,8.951882483589694,40.9277973998113,168.3228697605033
5.613,-2.21,7.21,-4.41,-2.72,0.57,0.33,35.85,-18.1,-7.89,4.262015467215397,27.517813967223702,8.951882483589694,40.9277973998113,168.3228697605033
5.6240000000000006,-2.21,7.21,-4.41,-2.72,0.57,0.33,35.85,-18.1,-7.89,4.247967699030493,27.94127854963584,8.735920100367219,40.9277973998113,160.3483579415829
5.64,-2.19,7.73,-7.36,-1.94,0.12,0.47,35.85,-18.1,-7.89,4.319871136458598,27.975178580828867,8.735920100367219,40.9277973998113,160.3483579415829
5.646,-2.19,7.73,-7.36,-1.94,0.12,0.47,35.85,-18.1,-7.89,4.34965357075642,28.153689745897836,10.895806532790495,40.9277973998113,114.57580160340125
5.657,-1.38,7.45,-8.49,-1.72,0.16,0.64,38.51,-7.99,1.2,5.164426485332116,27.91437637242575,10.895806532790495,40.9277973998113,114.57580160340125
5.668,0.22,7.56,-4.67,-1.85,0.71,0.56,38.51,-7.99,1.2,6.430123081060218,27.3510992414203,11.379235475197797,39.34844596677231,105.54871685340308
5.679,0.22,7.56,-4.67,-1.85,0.71,0.56,38.51,-7.99,1.2,8.18591799915537,26.584715611450008,8.888807569072467,39.34844596677231,117.98201339746579
5.69,-0.01,7.89,-4.51,-1.26,0.61,0.38,38.51,-7.99,1.2,10.822839596067746,24.961344169525475,8.888807569072467,39.34844596677231,117.98201339746579
5.7010000000000005,-0.01,7.89,-4.51,-1.26,0.61,0.38,38.51,-7.99,1.2,13.987868953058447,23.164256709627878,9.08803058973725,39.34844596677231,83.11048574674385
5.712,0.01,7.71,-2.49,-0.72,0.67,0.26,38.51,-7.99,1.2,17.452861552410432,21.04680924095591,9.08803058973725,39.34844596677231,83.11048574674385
5.723,0.01,7.71,-2.49,-0.72,0.67,0.26,38.51,-7.99,1.2,20.78622996204196,19.19113792315362,8.10211700730124,39.34844596677231,58.28701649275895
5.734,-0.55,7.29,1.74,0.15,0.65,0.19,38.51,-7.99,1.2,24.14577412660731,17.774732697185087,8.10211700730124,39.34844596677231,58.28701649275895
5.745,-0.55,7.29,1.74,0.15,0.65,0.19,38.51,-7.99,1.2,27.51135589132027,16.49107651742287,7.514931802751107,39.34844596677231,39.741139075152965
5.756,-0.39,5.55,3.96,1.67,0.33,0.22,38.51,-7.99,1.2,30.890559386674518,15.32319559702924,7.514931802751107,39.34844596677231,39.741139075152965
5.767,-0.39,5.55,3.96,1.67,0.33,0.22,38.51,-7.99,1.2,34.10317798421882,14.242018027167475,6.829070214897486,39.34844596677231,98.34533068938555
5.7780000000000005,1.2,2.57,4.64,3.49,-0.44,0.14,40.99,-8.34,-0.51,37.12411827878345,12.81632314285713,6.829070214897486,39.34844596677231,98.34533068938555
5.789,0.76,0.65,-0.76,5.36,-1.79,-0.34,40.99,-8.34,-0.51,39.05784643334279,11.403318023657377,5.438244201946065,41.832951127072064,201.7047444598182
5.8,0.76,0.65,-0.76,5.36,-1.79,-0.34,40.99,-8.34,-0.51,40.878265256078876,9.931652589267742,1.2560652849274994,41.832951127072064,324.36344669742215
5.811,-0.83,0.79,-7.69,6.49,-2.81,-0.75,40.99,-8.34,-0.51,41.022892433193,9.14810242703561,1.2560652849274994,41.832951127072064,324.36344669742215
5.822,-0.83,0.79,-7.69,6.49,-2.81,-0.75,40.99,-8.34,-0.51,41.526348049537084,8.177566881097306,7.77490192864193,41.832951127072064,407.4801560019077
5.833,-2.6,1.56,-16.32,6.63,-3.18,-0.88,40.99,-8.34,-0.51,41.539529611160766,7.5215755490528835,7.77490192864193,41.832951127072064,407.4801560019077
5.844,-2.6,1.56,-16.32,6.63,-3.18,-0.88,40.99,-8.34,-0.51,41.71775351528698,7.382616623328474,16.599277092692923,41.832951127072064,424.31267553319583
5.855,-3.6,2.23,-16.35,6.47,-3.1,-1.07,40.99,-8.34,-0.51,41.96880853651875,7.524445685191992,16.599277092692923,41.832951127072064,424.31267553319583
5.8660000000000005,-3.6,2.23,-16.35,6.47,-3.1,-1.07,40.99,-8.34,-0.51,42.229837851339326,7.846612817513119,16.88950561739449,41.832951127072064,415.6049594879107
5.877,-6.23,2.56,-26.59,5.32,-3.3,-1.33,40.99,-8.34,-0.51,42.25790394973263,8.565689119467393,16.88950561739449,41.832951127072064,415.6049594879107
5.888,-6.42,2.25,-27.65,3.54,-1.86,-1.25,40.99,-8.34,-0.51,42.35638182783839,9.070669466456962,27.429812248719458,41.832951127072064,366.69880794016234
5.899,-6.42,2.25,-27.65,3.54,-1.86,-1.25,40.99,-8.34,-0.51,42.62252877208186,9.445281706214743,28.474574623688408,41.832951127072064,240.05290630650808
5.91,-4.78,0.23,-20.39,1.09,0.3,-0.99,27.68,-33.36,-9.61,41.36692416552767,9.754338225773523,28.474574623688408,41.832951127072064,240.05290630650808
5.921,-4.78,0.23,-20.39,1.09,0.3,-0.99,27.68,-33.36,-9.61,40.131826936207716,10.015196032751192,20.944054048822544,44.40072184097912,86.10013530533226
5.937,-3.8,-0.16,-10.35,-0.65,1.31,-1.04,27.68,-33.36,-9.61,38.20404962414253,10.625907476631184,20.944054048822544,44.40072184097912,86.10013530533226
5.9430000000000005,-3.8,-0.16,-10.35,-0.65,1.31,-1.04,27.68,-33.36,-9.61,36.252172017117694,11.432587510713319,11.02669941550961,44.40072184097912,102.81679341580255
5.954,-3.52,0.54,-5.02,-1.07,0.49,-1.12,27.68,-33.36,-9.61,34.34495152013942,12.375251814409651,11.02669941550961,44.40072184097912,102.81679341580255
5.965,-3.52,0.54,-5.02,-1.07,0.49,-1.12,27.68,-33.36,-9.61,32.46575159945995,13.261665348281895,6.154867992085614,44.40072184097912,93.08404310203225
5.976,-3.68,1.47,-4.84,-1.46,-0.37,-1.04,27.68,-33.36,-9.61,30.62480787140204,14.174448056600227,6.154867992085614,44.40072184097912,93.08404310203225
5.987,-3.68,1.47,-4.84,-1.46,-0.37,-1.04,27.68,-33.36,-9.61,28.844271205001736,14.964883486508157,6.255309744529043,44.40072184097912,104.8700603278855
5.998,-3.72,1.65,-3.98,-1.63,-0.34,-0.89,27.68,-33.36,-9.61,27.114399216139166,15.792632972163602,6.255309744529043,44.40072184097912,104.8700603278855
6.009,-2.53,2.03,-5.21,-1.36,0.06,-0.83,27.68,-33.36,-9.61,25.541532532109517,15.869891508582384,5.692213980517598,44.40072184097912,108.17528144290571
6.0200000000000005,-2.53,2.03,-5.21,-1.36,0.06,-0.83,27.68,-33.36,-9.61,24.034922274950183,15.933178752700115,6.137255086763137,44.40072184097912,91.35218674101269
6.032,-2.5,2.06,-4.83,-0.53,0.42,-0.86,30.17,-30.17,-12.7,22.799382673153694,15.889066634217158,6.137255086763137,44.40072184097912,91.35218674101269
6.042,-2.5,2.06,-4.83,-0.53,0.42,-0.86,30.17,-30.17,-12.7,21.614356888292022,15.842749850517976,5.815711478400558,44.51682603241161,62.68325869264502
6.053,-3.51,2.09,-6.3,-0.0,0.42,-0.83,30.17,-30.17,-12.7,20.29327755469837,16.156612247247978,5.815711478400558,44.51682603241161,62.68325869264502
6.064,-3.51,2.09,-6.3,-0.0,0.42,-0.83,30.17,-30.17,-12.7,18.896756570659115,16.64518993536136,7.508541802507328,44.51682603241161,53.2973951958739
6.075,-4.1,1.74,-9.42,0.17,0.24,-0.73,30.17,-30.17,-12.7,17.551925714769737,17.049496985813718,7.508541802507328,44.51682603241161,53.2973951958739
6.086,-4.1,1.74,-9.42,0.17,0.24,-0.73,30.17,-30.17,-12.7,16.195505210353666,17.530533959913413,10.419884836215802,44.51682603241161,45.09290690560184
6.097,-3.97,1.28,-10.79,0.55,0.25,-0.74,30.17,-30.17,-12.7,14.894146683035533,17.90658300471229,10.419884836215802,44.51682603241161,45.09290690560184
6.1080000000000005,-4.34,1.17,-11.79,0.99,0.38,-0.88,30.17,-30.17,-12.7,13.597597175416396,18.473592731563798,11.568206429693412,44.51682603241161,54.73471544660406
6.119,-4.34,1.17,-11.79,0.99,0.38,-0.88,30.17,-30.17,-12.7,12.32546031690397,19.05457835654265,12.617789029778553,44.51682603241161,78.95391679984787
6.13,-4.53,1.0,-11.42,1.14,0.51,-0.94,30.17,-30.17,-12.7,11.128225050157651,19.536681139350947,12.617789029778553,44.51682603241161,78.95391679984787
6.141,-4.53,1.0,-11.42,1.14,0.51,-0.94,30.17,-30.17,-12.7,9.963054596251393,20.033185660086076,12.326284922879237,44.51682603241161,89.55937000104285
6.152,-4.4,0.66,-10.25,1.11,0.55,-0.87,30.88,-30.88,-13.39,8.768547462820623,20.835129770289186,12.326284922879237,44.51682603241161,89.55937000104285
6.163,-4.4,0.66,-10.25,1.11,0.55,-0.87,30.88,-30.88,-13.39,7.563611812345877,21.77778779260224,11.17399212457213,45.67757546105091,86.73263947933276
6.174,-4.19,0.4,-9.51,1.05,0.38,-0.72,30.88,-30.88,-13.39,6.382713114888957,22.874816805165366,11.17399212457213,45.67757546105091,86.73263947933276
6.1850000000000005,-4.19,0.4,-9.51,1.05,0.38,-0.72,30.88,-30.88,-13.39,6.4155846718595075,23.76252808916253,10.399817306087641,45.67757546105091,76.12580409871367
6.196,-3.72,0.15,-9.21,0.95,0.3,-0.6,30.88,-30.88,-13.39,6.441846466760728,24.655067069029542,10.399817306087641,45.67757546105091,76.12580409871367
6.207,-3.72,0.15,-9.21,0.95,0.3,-0.6,30.88,-30.88,-13.39,6.631070874667067,24.752360293027834,9.93403241387907,45.67757546105091,66.63329189219819
6.218,-3.75,-0.75,-9.85,0.44,0.19,-0.47,30.88,-30.88,-13.39,6.91826969216616,24.803077933807813,9.93403241387907,45.67757546105091,66.63329189219819
6.229,-3.9,-0.38,-10.19,-0.05,0.12,-0.42,30.88,-30.88,-13.39,7.354723321416793,24.362511565776586,10.56633806008496,45.67757546105091,38.460792260629425
6.24,-3.9,-0.38,-10.19,-0.05,0.12,-0.42,30.88,-30.88,-13.39,7.77716975181334,23.93854781476442,10.917440176158511,45.67757546105091,25.190602760896173
6.251,-4.59,-0.9,-10.63,-0.16,0.13,-0.28,30.88,-30.88,-13.39,8.318922637225254,23.6045175717896,10.917440176158511,45.67757546105091,25.190602760896173
6.2620000000000005,-4.59,-0.9,-10.63,-0.16,0.13,-0.28,30.88,-30.88,-13.39,8.84510586569624,23.28137723990875,11.613569649336934,45.67757546105091,19.922130601831217
6.273,-4.4,-0.52,-10.16,-0.14,0.18,-0.24,30.52,-31.59,-13.73,9.311016957839229,22.883599474521617,11.613569649336934,45.67757546105091,19.922130601831217
6.284,-4.4,-0.52,-10.16,-0.14,0.18,-0.24,30.52,-31.59,-13.73,9.775566037200901,22.857585797523683,11.084042583822926,46.02077139727234,18.968278149618303
6.295,-4.01,-0.37,-9.7,-0.05,0.15,-0.16,30.52,-31.59,-13.73,10.219875066944375,22.78845965175759,11.084042583822926,46.02077139727234,18.968278149618303
6.306,-4.01,-0.37,-9.7,-0.05,0.15,-0.16,30.52,-31.59,-13.73,10.428774618172474,22.693453892213398,10.502713934978901,46.02077139727234,12.888366898509455
6.317,-4.1,-0.32,-10.24,0.06,0.11,-0.11,30.52,-31.59,-13.73,10.628961366814364,22.572869039543534,10.502713934978901,46.02077139727234,12.888366898509455
6.328,-3.34,0.95,-9.84,1.0,0.09,-0.32,30.52,-31.59,-13.73,10.711653609643873,22.25737965779436,11.034944494649713,46.02077139727234,9.553115540509625
6.339,-3.34,0.95,-9.84,1.0,0.09,-0.32,30.52,-31.59,-13.73,10.789745965603432,21.948657932784243,10.434735262573746,46.02077139727234,60.378443601073734
6.3500000000000005,-3.56,-0.13,-9.57,0.56,0.11,-0.3,30.52,-31.59,-13.73,10.918246320604505,21.836696678134416,10.434735262573746,46.02077139727234,60.378443601073734
6.361,-3.56,-0.13,-9.57,0.56,0.11,-0.3,30.52,-31.59,-13.73,11.047470279522235,21.72358637371596,10.211532695927678,46.02077139727234,36.941339982462495
6.372,-3.82,0.02,-9.28,0.34,0.04,-0.31,30.52,-31.59,-13.73,11.125967128276256,21.812858492493376,10.211532695927678,46.02077139727234,36.941339982462495
6.383,-3.82,0.02,-9.28,0.34,0.04,-0.31,30.52,-31.59,-13.73,11.196878737248674,21.908844320127756,10.035496998156095,46.02077139727234,26.461719416120808
6.394,-3.71,-0.44,-10.01,0.2,-0.09,-0.32,30.52,-31.59,-13.73,11.311053393464078,21.926345618999576,10.035496998156095,46.02077139727234,26.461719416120808
6.405,-3.71,-0.44,-10.01,0.2,-0.09,-0.32,30.52,-31.59,-13.73,11.411992037555855,21.875965368961843,10.68446535864102,46.02077139727234,22.227513483895752
6.416,-3.61,-0.25,-9.87,0.05,0.06,-0.43,30.35,-33.19,-15.27,11.454037283573467,21.815659496185532,10.68446535864102,46.02077139727234,22.227513483895752
6.4270000000000005,-3.61,-0.25,-9.87,0.05,0.06,-0.43,30.35,-33.19,-15.27,11.458458000960015,21.68678845260321,10.512445005801457,47.496015622365626,25.04028779491648
6.438,-3.25,-0.33,-10.02,-0.23,0.15,-0.37,30.35,-33.19,-15.27,11.46783596434955,21.47243278790522,10.512445005801457,47.496015622365626,25.04028779491648
6.449,-3.16,-0.61,-10.57,-0.27,0.17,-0.25,30.35,-33.19,-15.27,11.473287389407078,21.17982494465639,10.539060679206662,47.496015622365626,26.3996171962302
6.46,-3.16,-0.61,-10.57,-0.27,0.17,-0.25,30.35,-33.19,-15.27,11.476706714649316,20.888311792313615,11.049099510819875,47.496015622365626,23.224234827156945
6.471,-3.16,-0.16,-10.65,-0.52,0.38,-0.21,30.35,-33.19,-15.27,11.416071409119297,20.665169531108006,11.049099510819875,47.496015622365626,23.224234827156945
6.482,-3.16,-0.16,-10.65,-0.52,0.38,-0.21,30.35,-33.19,-15.27,11.354460611295563,20.443931461410827,11.110072006967373,47.496015622365626,38.81339760985103
6.493,-2.91,-0.21,-10.34,-0.67,0.37,-0.12,30.35,-33.19,-15.27,11.218120401001112,20.24029596729359,11.110072006967373,47.496015622365626,38.81339760985103
6.5040000000000004,-2.91,-0.21,-10.34,-0.67,0.37,-0.12,30.35,-33.19,-15.27,11.115374921865842,20.030922704031624,10.74373305699653,47.496015622365626,44.388516209455
6.515000000000001,-3.41,-0.47,-9.76,-0.29,0.17,-0.1,30.35,-33.19,-15.27,11.044877453352726,19.963667308386107,10.74373305699653,47.496015622365626,44.388516209455
6.526,-3.41,-0.47,-9.76,-0.29,0.17,-0.1,30.35,-33.19,-15.27,10.921996262787923,19.789625749897056,10.349231855553338,47.496015622365626,20.094406710610905
6.537,-3.1,-0.4,-9.02,0.09,0.08,-0.45,34.07,-31.23,-12.7,10.949939235672366,19.604562451315758,10.349231855553338,47.496015622365626,20.094406710610905
6.548,-2.97,-0.18,-9.28,0.19,-0.03,-0.54,34.07,-31.23,-12.7,11.02096897175328,19.37578494903086,9.546224384540727,47.930864795035774,26.690241249425764
6.559,-2.97,-0.18,-9.28,0.19,-0.03,-0.54,34.07,-31.23,-12.7,11.091977646760371,19.144683469891802,9.745342477306787,47.930864795035774,32.84402786830292
6.57,-3.07,-0.04,-10.07,0.07,0.1,-0.46,34.07,-31.23,-12.7,11.162603080628124,18.924030001612124,9.745342477306787,47.930864795035774,32.84402786830292
6.581,-3.07,-0.04,-10.07,0.07,0.1,-0.46,34.07,-31.23,-12.7,11.233650050784616,18.703410671996366,10.527649310268652,47.930864795035774,27.26821663177957
6.5920000000000005,-3.28,-0.15,-9.92,-0.13,0.28,-0.24,34.07,-31.23,-12.7,11.324139335932546,18.555647127802345,10.527649310268652,47.930864795035774,27.26821663177957
6.603,-3.28,-0.15,-9.92,-0.13,0.28,-0.24,34.07,-31.23,-12.7,11.531857067768335,18.53619365135411,10.44927270196352,47.930864795035774,22.404041843310228
6.614,-2.91,-0.09,-9.57,-0.17,0.25,-0.07,34.07,-31.23,-12.7,11.731396672028005,18.46383787667834,10.44927270196352,47.930864795035774,22.404041843310228
6.625,-2.91,-0.09,-9.57,-0.17,0.25,-0.07,34.07,-31.23,-12.7,11.831952682527652,18.32832160341441,10.003054533491259,47.930864795035774,17.780164552279345
6.636,-3.11,-0.18,-9.85,-0.06,0.23,-0.0,34.07,-31.23,-12.7,11.940867440266679,18.21499472984226,10.003054533491259,47.930864795035774,17.780164552279345
6.647,-3.11,-0.18,-9.85,-0.06,0.23,-0.0,34.07,-31.23,-12.7,12.05746968198994,18.027493981371833,10.330876051913506,47.930864795035774,13.619051317021444
6.658,-3.07,-0.17,-9.62,0.04,0.2,0.05,34.43,-29.81,-14.76,12.257899072291394,17.847572740774538,10.330876051913506,47.930864795035774,13.619051317021444
6.6690000000000005,-2.86,-0.28,-10.84,-0.13,0.0,0.07,34.43,-29.81,-14.76,12.423507152420994,17.61495684102755,10.099415824690059,47.873986673349016,12.032113697747286
6.68,-2.86,-0.28,-10.84,-0.13,0.0,0.07,34.43,-29.81,-14.76,12.588578091752934,17.383272400037,11.214437123636657,47.873986673349016,8.459620466088063
6.691,-2.61,-0.3,-9.65,-0.27,0.0,-0.16,34.43,-29.81,-14.76,12.821759324166758,17.188596842470446,11.214437123636657,47.873986673349016,8.459620466088063
6.703,-2.61,-0.3,-9.65,-0.27,0.0,-0.16,34.43,-29.81,-14.76,13.0547984879208,16.993168377163272,10.001229924364303,47.873986673349016,17.982114043575542
6.713,-2.94,-0.16,-9.01,-0.31,-0.22,-0.29,34.43,-29.81,-14.76,13.283484459364166,16.9931357561302,10.001229924364303,47.873986673349016,17.982114043575542
6.724,-2.94,-0.16,-9.01,-0.31,-0.22,-0.29,34.43,-29.81,-14.76,13.492977687840352,17.04821219859015,9.478887065473456,47.873986673349016,27.394333932634403
6.735,-3.48,0.05,-10.07,-0.3,-0.7,-0.26,34.43,-29.81,-14.76,13.68510300799785,17.1495754509218,9.478887065473456,47.873986673349016,27.394333932634403
6.746,-3.48,0.05,-10.07,-0.3,-0.7,-0.26,34.43,-29.81,-14.76,13.914423971518488,17.25586722860865,10.654473238973384,47.873986673349016,46.107975365088464
6.757000000000001,-3.49,0.19,-9.93,-0.22,-0.71,-0.1,34.43,-29.81,-14.76,14.132242645791887,17.374138304293112,10.654473238973384,47.873986673349016,46.107975365088464
6.768,-3.47,0.29,-9.67,-0.09,-0.64,0.14,34.43,-29.81,-14.76,14.338945085203957,17.538720074054382,10.527160110875107,47.873986673349016,42.97183463481174
6.779,-3.47,0.29,-9.67,-0.09,-0.64,0.14,34.43,-29.81,-14.76,14.544605915009592,17.703849748999104,10.277835375213986,47.873986673349016,37.88893264345323
6.79,-3.19,0.06,-10.38,-0.02,-0.52,0.35,31.77,-29.99,-14.59,14.648841028105732,17.61542612075995,10.277835375213986,47.873986673349016,37.88893264345323
6.801,-3.19,0.06,-10.38,-0.02,-0.52,0.35,31.77,-29.99,-14.59,14.754068658359587,17.527279435253078,10.859286348559007,46.060841286281345,35.9322659661149
6.812,-3.32,0.08,-10.72,0.16,-0.16,0.49,31.77,-29.99,-14.59,14.70743871025303,17.460661693440755,10.859286348559007,46.060841286281345,35.9322659661149
