time,ax,ay,az,gx,gy,gz,mx,my,mz,pressure
1.00,-8.04,-1.94,-5.50,0.44,1.02,-0.17,-17.55,-29.08,-8.23,-1.00
13.00,-7.95,-2.04,-5.62,0.46,1.04,-0.17,-17.55,-29.08,-8.23,-1.00
25.00,-7.95,-2.04,-5.62,0.46,1.04,-0.17,-17.55,-29.08,-8.23,-1.00
85.00,-7.96,-2.01,-5.61,0.47,1.00,-0.15,-14.39,-30.33,-8.06,-1.00
97.00,-8.07,-2.02,-5.53,0.46,0.99,-0.15,-14.39,-30.33,-8.06,-1.00
109.00,-8.05,-2.06,-5.54,0.44,1.02,-0.16,-14.39,-30.33,-8.06,-1.00
121.00,-8.05,-2.06,-5.54,0.44,1.02,-0.16,-14.39,-30.33,-8.06,-1.00
135.00,-7.93,-2.01,-5.68,0.44,1.03,-0.17,-14.39,-30.33,-8.06,-1.00
147.00,-7.97,-1.98,-5.66,0.44,1.03,-0.16,-14.39,-30.33,-8.06,-1.00
159.00,-7.97,-1.98,-5.66,0.44,1.03,-0.16,-14.39,-30.33,-8.06,-1.00
171.00,-7.95,-1.98,-5.64,0.45,1.02,-0.17,-15.69,-29.08,-8.90,-1.00
185.00,-7.95,-1.98,-5.64,0.45,1.02,-0.17,-15.69,-29.08,-8.90,-1.00
272.00,-7.98,-2.02,-5.44,0.49,1.03,-0.18,-15.69,-29.08,-8.90,-1.00
359.00,-8.04,-2.07,-5.55,0.48,1.01,-0.15,-14.95,-30.51,-8.56,-1.00
446.00,-7.74,-2.27,-5.88,0.78,1.05,-0.09,-15.51,-29.61,-8.39,-1.00
460.00,-7.74,-2.27,-5.88,0.78,1.05,-0.09,-15.51,-29.61,-8.39,-1.00
472.00,-7.81,-3.53,-5.07,0.89,1.14,0.11,-15.51,-29.61,-8.39,-1.00
484.00,-7.81,-3.53,-5.07,0.89,1.14,0.11,-15.51,-29.61,-8.39,-1.00
496.00,-8.03,-2.47,-5.75,0.72,1.34,0.53,-15.51,-29.61,-8.39,-1.00
510.00,-7.15,-2.11,-6.78,0.54,1.39,0.67,-15.51,-29.61,-8.39,-1.00
522.00,-7.15,-2.11,-6.78,0.54,1.39,0.67,-15.51,-29.61,-8.39,-1.00
534.00,-7.52,-1.19,-6.79,0.53,1.29,0.71,-15.51,-29.61,-8.39,-1.00
548.00,-7.19,-1.01,-6.16,1.01,1.06,0.79,-16.07,-30.87,-8.90,-1.00
560.00,-7.19,-1.01,-6.16,1.01,1.06,0.79,-16.07,-30.87,-8.90,-1.00
572.00,-8.05,-1.89,-5.45,1.31,1.19,0.65,-16.07,-30.87,-8.90,-1.00
584.00,-8.05,-1.89,-5.45,1.31,1.19,0.65,-16.07,-30.87,-8.90,-1.00
598.00,-8.29,-1.29,-5.38,1.06,1.19,0.69,-16.07,-30.87,-8.90,-1.00
610.00,-7.55,-1.38,-5.87,1.46,1.15,0.86,-16.07,-30.87,-8.90,-1.00
622.00,-7.55,-1.38,-5.87,1.46,1.15,0.86,-16.07,-30.87,-8.90,-1.00
634.00,-6.15,-0.91,-6.55,2.28,0.99,1.31,-16.07,-30.87,-8.90,-1.00
648.00,-6.21,-0.09,-6.74,3.06,0.58,1.86,-16.07,-30.87,-8.90,-1.00
660.00,-6.21,-0.09,-6.74,3.06,0.58,1.86,-16.07,-30.87,-8.90,-1.00
672.00,-8.02,-0.08,-5.82,3.63,0.35,1.67,-16.07,-30.87,-8.90,-1.00
684.00,-8.02,-0.08,-5.82,3.63,0.35,1.67,-16.07,-30.87,-8.90,-1.00
698.00,-8.73,-0.31,-5.78,4.56,0.59,1.24,-23.32,-29.97,-5.36,-1.00
710.00,-9.52,-1.13,-1.33,5.96,0.78,1.32,-23.32,-29.97,-5.36,-1.00
722.00,-9.52,-1.13,-1.33,5.96,0.78,1.32,-23.32,-29.97,-5.36,-1.00
734.00,-9.53,-0.32,0.12,6.61,2.18,1.05,-23.32,-29.97,-5.36,-1.00
748.00,-9.04,-2.90,-0.73,5.79,3.78,0.83,-23.32,-29.97,-5.36,-1.00
760.00,-9.04,-2.90,-0.73,5.79,3.78,0.83,-23.32,-29.97,-5.36,-1.00
772.00,-7.67,-3.13,-4.02,4.22,4.92,1.22,-23.32,-29.97,-5.36,-1.00
784.00,-7.67,-3.13,-4.02,4.22,4.92,1.22,-23.32,-29.97,-5.36,-1.00
798.00,-7.42,-3.06,-5.12,3.99,5.06,1.39,-23.32,-29.97,-5.36,-1.00
810.00,-6.90,-2.99,-4.71,3.53,4.48,1.25,-24.44,-35.35,3.75,-1.00
822.00,-6.90,-2.99,-4.71,3.53,4.48,1.25,-24.44,-35.35,3.75,-1.00
836.00,-6.03,-3.89,-4.67,3.09,4.51,1.46,-24.44,-35.35,3.75,-1.00
848.00,-5.32,-6.79,-3.38,2.64,5.07,2.50,-24.44,-35.35,3.75,-1.00
860.00,-5.32,-6.79,-3.38,2.64,5.07,2.50,-24.44,-35.35,3.75,-1.00
872.00,-5.40,-1.32,-8.81,1.45,5.18,3.64,-24.44,-35.35,3.75,-1.00
886.00,-4.72,0.08,-10.15,1.87,4.29,3.10,-24.44,-35.35,3.75,-1.00
898.00,-4.72,0.08,-10.15,1.87,4.29,3.10,-24.44,-35.35,3.75,-1.00
910.00,-3.79,-2.90,-9.27,2.42,3.12,1.98,-24.44,-35.35,3.75,-1.00
922.00,-3.79,-2.90,-9.27,2.42,3.12,1.98,-24.44,-35.35,3.75,-1.00
936.00,-6.43,-0.39,-12.32,1.94,2.29,1.96,-27.97,-29.08,2.24,-1.00
948.00,-8.39,-1.74,-7.12,3.82,1.88,2.50,-27.97,-29.08,2.24,-1.00
960.00,-8.39,-1.74,-7.12,3.82,1.88,2.50,-27.97,-29.08,2.24,-1.00
972.00,-5.49,-5.48,-6.92,5.94,1.27,1.84,-27.97,-29.08,2.24,-1.00
986.00,-1.06,-5.19,-2.40,5.80,0.54,1.51,-27.97,-29.08,2.24,-1.00
998.00,-1.06,-5.19,-2.40,5.80,0.54,1.51,-27.97,-29.08,2.24,-1.00
1010.00,-4.89,-4.02,-5.92,3.41,0.28,1.72,-27.97,-29.08,2.24,-1.00
1022.00,-4.89,-4.02,-5.92,3.41,0.28,1.72,-27.97,-29.08,2.24,-1.00
1036.00,-2.67,-5.70,-6.16,1.74,0.33,1.63,-27.97,-29.08,2.24,-1.00
1048.00,-5.73,-3.75,-6.46,1.07,0.03,2.13,-27.97,-29.08,2.24,-1.00
1060.00,-5.73,-3.75,-6.46,1.07,0.03,2.13,-27.97,-29.08,2.24,-1.00
1072.00,-7.45,-2.31,-7.10,2.03,-0.44,2.19,-36.15,-23.69,9.66,-1.00
1086.00,-5.94,-2.94,-5.46,3.29,-0.26,1.41,-36.15,-23.69,9.66,-1.00
1098.00,-5.94,-2.94,-5.46,3.29,-0.26,1.41,-36.15,-23.69,9.66,-1.00
1110.00,-6.82,-5.52,-1.82,2.78,-0.07,0.64,-36.15,-23.69,9.66,-1.00
1124.00,-6.82,-5.52,-1.82,2.78,-0.07,0.64,-36.15,-23.69,9.66,-1.00
1136.00,-7.66,-5.11,-0.69,0.62,0.20,0.42,-36.15,-23.69,9.66,-1.00
1148.00,-7.80,-3.11,-1.07,-1.69,0.75,0.82,-36.15,-23.69,9.66,-1.00
1160.00,-7.80,-3.11,-1.07,-1.69,0.75,0.82,-36.15,-23.69,9.66,-1.00
1174.00,-9.76,-3.65,-2.96,-3.38,1.23,1.19,-36.15,-23.69,9.66,-1.00
1186.00,-9.58,-2.44,-3.41,-3.93,1.44,0.71,-39.13,-17.60,13.04,-1.00
1198.00,-9.58,-2.44,-3.41,-3.93,1.44,0.71,-39.13,-17.60,13.04,-1.00
1210.00,-9.78,-0.29,-5.40,-3.42,1.25,0.34,-39.13,-17.60,13.04,-1.00
1224.00,-9.78,-0.29,-5.40,-3.42,1.25,0.34,-39.13,-17.60,13.04,-1.00
1236.00,-10.58,-0.21,-6.79,-1.18,0.96,-0.09,-39.13,-17.60,13.04,-1.00
1248.00,-9.82,1.03,-8.84,0.27,1.15,-0.17,-39.13,-17.60,13.04,-1.00
1260.00,-9.82,1.03,-8.84,0.27,1.15,-0.17,-39.13,-17.60,13.04,-1.00
1274.00,-10.03,-2.06,-6.40,1.38,1.37,0.06,-39.13,-17.60,13.04,-1.00
1286.00,-10.23,-1.61,-6.12,1.21,1.00,-0.06,-39.13,-17.60,13.04,-1.00
1298.00,-10.23,-1.61,-6.12,1.21,1.00,-0.06,-39.13,-17.60,13.04,-1.00
1312.00,-10.12,-1.94,-6.39,1.17,0.46,-0.45,-39.50,-16.52,8.65,-1.00
1324.00,-10.12,-1.94,-6.39,1.17,0.46,-0.45,-39.50,-16.52,8.65,-1.00
1336.00,-9.77,-1.82,-7.05,1.25,0.25,-0.79,-39.50,-16.52,8.65,-1.00
1348.00,-9.02,-2.75,-6.24,2.09,0.32,-0.82,-39.50,-16.52,8.65,-1.00
1362.00,-9.02,-2.75,-6.24,2.09,0.32,-0.82,-39.50,-16.52,8.65,-1.00
1374.00,-9.82,-3.24,-6.45,2.62,0.33,-0.66,-39.50,-16.52,8.65,-1.00
1386.00,-8.33,-4.11,-6.63,2.54,0.15,-0.52,-39.50,-16.52,8.65,-1.00
1398.00,-8.33,-4.11,-6.63,2.54,0.15,-0.52,-39.50,-16.52,8.65,-1.00
1412.00,-11.32,-7.14,-5.54,1.92,-0.08,-0.30,-39.50,-16.52,8.65,-1.00
1424.00,-11.32,-7.14,-5.54,1.92,-0.08,-0.30,-39.50,-16.52,8.65,-1.00
1436.00,-10.56,-5.38,-2.46,0.67,0.22,0.04,-39.50,-16.52,8.65,-1.00
1448.00,-6.68,-2.80,-2.43,0.16,0.76,0.24,-36.90,-17.96,16.07,-1.00
1462.00,-6.68,-2.80,-2.43,0.16,0.76,0.24,-36.90,-17.96,16.07,-1.00
1474.00,-5.41,-2.32,-2.58,0.11,1.04,0.35,-36.90,-17.96,16.07,-1.00
1486.00,-5.74,-2.76,-3.34,-0.25,1.33,0.63,-36.90,-17.96,16.07,-1.00
1500.00,-5.74,-2.76,-3.34,-0.25,1.33,0.63,-36.90,-17.96,16.07,-1.00
1512.00,-10.21,-3.19,-5.32,-0.45,1.28,0.64,-36.90,-17.96,16.07,-1.00
1524.00,-10.21,-3.19,-5.32,-0.45,1.28,0.64,-36.90,-17.96,16.07,-1.00
1536.00,-10.89,-2.32,-5.19,-0.08,1.07,0.40,-36.90,-17.96,16.07,-1.00
1550.00,-7.95,-2.20,-4.84,0.38,0.99,0.05,-36.90,-17.96,16.07,-1.00
1562.00,-7.95,-2.20,-4.84,0.38,0.99,0.05,-36.90,-17.96,16.07,-1.00
1574.00,-7.98,-1.78,-5.43,0.75,0.75,-0.19,-39.50,-14.73,16.07,-1.00
1586.00,-10.06,-1.89,-4.42,0.98,0.55,-0.26,-39.50,-14.73,16.07,-1.00
1600.00,-10.06,-1.89,-4.42,0.98,0.55,-0.26,-39.50,-14.73,16.07,-1.00
1612.00,-10.53,-2.69,-3.70,1.15,0.57,-0.23,-39.50,-14.73,16.07,-1.00
1624.00,-10.53,-2.69,-3.70,1.15,0.57,-0.23,-39.50,-14.73,16.07,-1.00
1638.00,-8.37,-3.39,-3.12,1.15,0.70,-0.22,-39.50,-14.73,16.07,-1.00
1650.00,-7.10,-3.73,-3.10,0.83,0.74,-0.37,-39.50,-14.73,16.07,-1.00
1662.00,-7.10,-3.73,-3.10,0.83,0.74,-0.37,-39.50,-14.73,16.07,-1.00
1674.00,-7.56,-2.98,-3.45,0.33,0.71,-0.45,-39.50,-14.73,16.07,-1.00
1688.00,-8.31,-2.63,-5.14,0.13,0.71,-0.40,-37.64,-16.16,18.10,-1.00
1700.00,-8.31,-2.63,-5.14,0.13,0.71,-0.40,-37.64,-16.16,18.10,-1.00
1712.00,-8.54,-3.31,-5.25,0.33,0.63,-0.35,-37.64,-16.16,18.10,-1.00
1724.00,-8.54,-3.31,-5.25,0.33,0.63,-0.35,-37.64,-16.16,18.10,-1.00
1738.00,-9.62,-3.88,-3.94,0.43,0.47,-0.42,-37.64,-16.16,18.10,-1.00
1750.00,-8.67,-2.62,-3.02,0.18,0.54,-0.66,-37.64,-16.16,18.10,-1.00
1762.00,-8.67,-2.62,-3.02,0.18,0.54,-0.66,-37.64,-16.16,18.10,-1.00
1776.00,-8.38,-1.41,-4.14,0.04,0.73,-0.75,-37.64,-16.16,18.10,-1.00
1788.00,-8.18,-2.57,-4.11,-0.03,0.83,-0.49,-37.64,-16.16,18.10,-1.00
1800.00,-8.18,-2.57,-4.11,-0.03,0.83,-0.49,-37.64,-16.16,18.10,-1.00
1812.00,-8.16,-2.83,-4.40,-0.14,0.73,-0.25,-37.83,-18.49,18.94,-1.00
1826.00,-9.29,-2.86,-3.98,-0.05,0.46,-0.18,-37.83,-18.49,18.94,-1.00
1838.00,-9.29,-2.86,-3.98,-0.05,0.46,-0.18,-37.83,-18.49,18.94,-1.00
1850.00,-10.28,-1.51,-2.51,-0.02,0.39,-0.28,-37.83,-18.49,18.94,-1.00
1862.00,-10.28,-1.51,-2.51,-0.02,0.39,-0.28,-37.83,-18.49,18.94,-1.00
1876.00,-9.45,-1.32,-2.91,-0.06,0.66,-0.31,-37.83,-18.49,18.94,-1.00
1888.00,-9.09,-2.95,-3.20,-0.19,1.03,-0.37,-37.83,-18.49,18.94,-1.00
1900.00,-9.09,-2.95,-3.20,-0.19,1.03,-0.37,-37.83,-18.49,18.94,-1.00
1914.00,-8.51,-3.77,-5.30,-0.04,1.12,-0.49,-37.83,-18.49,18.94,-1.00
1926.00,-7.95,-3.51,-6.42,0.79,0.66,-0.82,-37.83,-18.49,18.94,-1.00
1938.00,-7.95,-3.51,-6.42,0.79,0.66,-0.82,-37.83,-18.49,18.94,-1.00
1950.00,-9.57,-3.95,-2.71,1.13,0.21,-0.69,-37.46,-19.57,22.32,-1.00
1964.00,-9.57,-3.95,-2.71,1.13,0.21,-0.69,-37.46,-19.57,22.32,-1.00
1976.00,-9.51,-3.85,-0.79,0.57,0.20,-0.33,-37.46,-19.57,22.32,-1.00
1988.00,-9.17,-4.57,-2.49,0.02,0.59,-0.27,-37.46,-19.57,22.32,-1.00
2000.00,-9.17,-4.57,-2.49,0.02,0.59,-0.27,-37.46,-19.57,22.32,-1.00
2014.00,-7.68,-5.04,-1.95,0.28,0.90,-0.35,-37.46,-19.57,22.32,-1.00
2026.00,-7.38,-4.37,-2.62,0.28,1.18,-0.18,-37.46,-19.57,22.32,-1.00
2038.00,-7.38,-4.37,-2.62,0.28,1.18,-0.18,-37.46,-19.57,22.32,-1.00
2050.00,-8.14,-2.49,-3.87,0.10,1.22,0.14,-37.46,-19.57,22.32,-1.00
2064.00,-8.14,-2.49,-3.87,0.10,1.22,0.14,-37.46,-19.57,22.32,-1.00
2076.00,-9.20,-1.03,-3.21,-0.15,1.06,0.41,-36.71,-21.36,20.97,-1.00
2088.00,-9.55,-0.49,-3.30,-0.11,1.11,0.39,-36.71,-21.36,20.97,-1.00
2102.00,-9.55,-0.49,-3.30,-0.11,1.11,0.39,-36.71,-21.36,20.97,-1.00
2114.00,-9.14,-3.09,-2.73,0.01,1.26,0.22,-36.71,-21.36,20.97,-1.00
2126.00,-8.17,-2.78,-3.44,-0.44,1.51,-0.24,-36.71,-21.36,20.97,-1.00
2138.00,-8.17,-2.78,-3.44,-0.44,1.51,-0.24,-36.71,-21.36,20.97,-1.00
2152.00,-8.47,-2.14,-3.88,-0.23,1.56,-0.38,-36.71,-21.36,20.97,-1.00
2164.00,-8.47,-2.14,-3.88,-0.23,1.56,-0.38,-36.71,-21.36,20.97,-1.00
2176.00,-9.37,-2.50,-4.38,-0.12,1.42,-0.32,-36.71,-21.36,20.97,-1.00
2188.00,-10.92,-1.82,-6.06,0.06,1.16,-0.52,-35.60,-19.21,19.95,-1.00
2202.00,-10.92,-1.82,-6.06,0.06,1.16,-0.52,-35.60,-19.21,19.95,-1.00
2214.00,-9.66,-2.64,-5.26,0.99,0.69,-0.78,-35.60,-19.21,19.95,-1.00
2226.00,-7.97,-3.58,-4.18,1.59,0.38,-0.85,-35.60,-19.21,19.95,-1.00
2240.00,-7.97,-3.58,-4.18,1.59,0.38,-0.85,-35.60,-19.21,19.95,-1.00
2252.00,-7.64,-4.55,-3.70,1.66,0.36,-0.36,-35.60,-19.21,19.95,-1.00
2264.00,-7.64,-4.55,-3.70,1.66,0.36,-0.36,-35.60,-19.21,19.95,-1.00
2276.00,-7.97,-5.19,-1.87,1.38,0.40,0.15,-35.60,-19.21,19.95,-1.00
2290.00,-8.53,-2.93,-2.61,0.53,0.53,0.31,-35.60,-19.21,19.95,-1.00
2302.00,-8.53,-2.93,-2.61,0.53,0.53,0.31,-35.60,-19.21,19.95,-1.00
2314.00,-8.97,-1.08,-3.56,0.18,0.61,0.16,-35.60,-19.21,19.95,-1.00
2326.00,-9.32,-2.02,-3.02,0.51,0.71,-0.00,-36.15,-19.39,22.48,-1.00
2340.00,-9.32,-2.02,-3.02,0.51,0.71,-0.00,-36.15,-19.39,22.48,-1.00
2352.00,-8.86,-3.13,-3.08,0.65,0.90,-0.23,-36.15,-19.39,22.48,-1.00
2364.00,-8.86,-3.13,-3.08,0.65,0.90,-0.23,-36.15,-19.39,22.48,-1.00
2378.00,-8.90,-3.51,-2.83,0.46,0.95,-0.43,-36.15,-19.39,22.48,-1.00
2390.00,-9.03,-3.27,-2.84,0.08,0.68,-0.54,-36.15,-19.39,22.48,-1.00
2402.00,-9.03,-3.27,-2.84,0.08,0.68,-0.54,-36.15,-19.39,22.48,-1.00
2414.00,-8.76,-2.86,-2.94,-0.07,0.48,-0.50,-36.15,-19.39,22.48,-1.00
2428.00,-8.43,-3.90,-2.80,0.00,0.49,-0.39,-36.15,-19.39,22.48,-1.00
2440.00,-8.43,-3.90,-2.80,0.00,0.49,-0.39,-36.15,-19.39,22.48,-1.00
2452.00,-7.97,-5.27,-2.57,0.05,0.58,-0.15,-33.18,-21.18,24.85,-1.00
2464.00,-7.97,-5.27,-2.57,0.05,0.58,-0.15,-33.18,-21.18,24.85,-1.00
2478.00,-12.12,-4.07,-2.23,-0.16,0.58,0.25,-33.18,-21.18,24.85,-1.00
2490.00,-9.46,-1.82,-2.04,-0.41,0.72,0.42,-33.18,-21.18,24.85,-1.00
2502.00,-9.46,-1.82,-2.04,-0.41,0.72,0.42,-33.18,-21.18,24.85,-1.00
2514.00,-9.49,-1.08,-3.25,-0.31,0.88,0.31,-33.18,-21.18,24.85,-1.00
2528.00,-9.36,-2.46,-3.20,0.40,0.99,0.07,-33.18,-21.18,24.85,-1.00
2540.00,-9.36,-2.46,-3.20,0.40,0.99,0.07,-33.18,-21.18,24.85,-1.00
2552.00,-9.17,-2.96,-2.50,0.83,1.08,-0.09,-33.18,-21.18,24.85,-1.00
2566.00,-9.10,-2.33,-2.85,0.74,1.08,-0.04,-34.67,-19.39,25.52,-1.00
2653.00,-9.36,-2.81,-2.99,1.01,1.38,0.23,-34.67,-19.39,25.52,-1.00
2740.00,-9.12,-3.38,-1.99,0.75,1.13,-0.06,-37.64,-17.60,23.16,-1.00
2827.00,-9.00,-2.00,-1.84,-0.27,1.02,-0.60,-35.60,-19.57,22.99,-1.00
2841.00,-9.00,-2.00,-1.84,-0.27,1.02,-0.60,-35.60,-19.57,22.99,-1.00
2853.00,-10.05,-1.34,-4.64,-0.17,1.07,-0.47,-35.60,-19.57,22.99,-1.00
2865.00,-10.05,-1.34,-4.64,-0.17,1.07,-0.47,-35.60,-19.57,22.99,-1.00
2877.00,-9.25,-1.64,-3.75,0.57,0.97,-0.39,-35.60,-19.57,22.99,-1.00
2891.00,-8.95,-3.85,-2.88,1.04,0.92,-0.35,-35.60,-19.57,22.99,-1.00
2903.00,-8.95,-3.85,-2.88,1.04,0.92,-0.35,-35.60,-19.57,22.99,-1.00
2915.00,-8.99,-3.97,-2.04,0.97,0.91,-0.17,-35.60,-19.57,22.99,-1.00
2929.00,-9.30,-1.82,-3.21,0.66,0.98,0.07,-35.60,-19.57,22.99,-1.00
2941.00,-9.30,-1.82,-3.21,0.66,0.98,0.07,-35.60,-19.57,22.99,-1.00
2953.00,-8.70,-1.30,-2.59,0.93,1.04,0.18,-35.22,-19.21,24.68,-1.00
2965.00,-8.70,-1.30,-2.59,0.93,1.04,0.18,-35.22,-19.21,24.68,-1.00
2979.00,-8.83,-3.01,-2.22,1.44,1.22,0.18,-35.22,-19.21,24.68,-1.00
2991.00,-8.85,-3.80,-1.92,1.16,1.33,0.10,-35.22,-19.21,24.68,-1.00
3003.00,-8.85,-3.80,-1.92,1.16,1.33,0.10,-35.22,-19.21,24.68,-1.00
3015.00,-9.05,-3.33,-3.08,0.70,1.38,0.15,-35.22,-19.21,24.68,-1.00
3029.00,-8.99,-3.74,-2.63,0.65,1.20,-0.03,-35.22,-19.21,24.68,-1.00
3041.00,-8.99,-3.74,-2.63,0.65,1.20,-0.03,-35.22,-19.21,24.68,-1.00
3053.00,-9.19,-2.63,-2.63,0.43,1.07,-0.09,-35.22,-19.21,24.68,-1.00
3065.00,-9.19,-2.63,-2.63,0.43,1.07,-0.09,-35.22,-19.21,24.68,-1.00
3079.00,-9.01,-3.07,-2.50,0.28,1.09,-0.14,-35.22,-19.21,24.68,-1.00
3091.00,-9.12,-3.88,-2.49,0.08,1.13,-0.26,-36.71,-16.70,21.64,-1.00
3103.00,-9.12,-3.88,-2.49,0.08,1.13,-0.26,-36.71,-16.70,21.64,-1.00
3117.00,-8.87,-3.24,-3.04,-0.17,1.14,-0.43,-36.71,-16.70,21.64,-1.00
3129.00,-9.41,-2.49,-3.57,-0.05,1.00,-0.59,-36.71,-16.70,21.64,-1.00
3141.00,-9.41,-2.49,-3.57,-0.05,1.00,-0.59,-36.71,-16.70,21.64,-1.00
3153.00,-9.91,-1.09,-4.40,0.25,0.89,-0.62,-36.71,-16.70,21.64,-1.00
3167.00,-9.53,-0.69,-3.33,0.73,0.88,-0.35,-36.71,-16.70,21.64,-1.00
3179.00,-9.53,-0.69,-3.33,0.73,0.88,-0.35,-36.71,-16.70,21.64,-1.00
3191.00,-9.33,-3.08,-3.02,1.17,0.94,-0.31,-36.71,-16.70,21.64,-1.00
3203.00,-9.33,-3.08,-3.02,1.17,0.94,-0.31,-36.71,-16.70,21.64,-1.00
3217.00,-9.32,-4.02,-2.17,0.91,1.04,-0.06,-35.78,-19.75,22.15,-1.00
3229.00,-9.02,-3.02,-2.77,0.76,1.24,0.43,-35.78,-19.75,22.15,-1.00
3241.00,-9.02,-3.02,-2.77,0.76,1.24,0.43,-35.78,-19.75,22.15,-1.00
3255.00,-8.73,-2.04,-2.35,0.76,1.30,0.60,-35.78,-19.75,22.15,-1.00
3267.00,-8.93,-2.52,-3.33,0.73,1.33,0.31,-35.78,-19.75,22.15,-1.00
3279.00,-8.93,-2.52,-3.33,0.73,1.33,0.31,-35.78,-19.75,22.15,-1.00
3291.00,-9.04,-3.40,-2.74,0.86,1.27,-0.10,-35.78,-19.75,22.15,-1.00
3305.00,-9.04,-3.40,-2.74,0.86,1.27,-0.10,-35.78,-19.75,22.15,-1.00
3317.00,-8.88,-3.90,-2.17,0.56,1.17,-0.27,-35.78,-19.75,22.15,-1.00
3329.00,-8.69,-3.62,-2.37,0.03,1.13,-0.16,-36.90,-16.16,22.15,-1.00
3341.00,-8.69,-3.62,-2.37,0.03,1.13,-0.16,-36.90,-16.16,22.15,-1.00
3355.00,-8.58,-2.44,-4.22,-0.24,1.10,-0.22,-36.90,-16.16,22.15,-1.00
3367.00,-9.46,-1.41,-4.10,0.06,0.88,-0.58,-36.90,-16.16,22.15,-1.00
3379.00,-9.46,-1.41,-4.10,0.06,0.88,-0.58,-36.90,-16.16,22.15,-1.00
3391.00,-9.48,-0.90,-3.40,0.45,0.89,-0.70,-36.90,-16.16,22.15,-1.00
3405.00,-9.48,-0.90,-3.40,0.45,0.89,-0.70,-36.90,-16.16,22.15,-1.00
3417.00,-9.25,-2.05,-3.09,0.74,1.01,-0.58,-36.90,-16.16,22.15,-1.00
3429.00,-9.04,-3.02,-3.55,0.80,1.02,-0.48,-36.90,-16.16,22.15,-1.00
3443.00,-9.04,-3.02,-3.55,0.80,1.02,-0.48,-36.90,-16.16,22.15,-1.00
3455.00,-9.06,-3.11,-4.08,0.86,0.98,-0.36,-36.90,-16.16,22.15,-1.00
3467.00,-9.65,-3.69,-2.73,1.03,1.04,-0.02,-35.41,-17.60,21.13,-1.00
3479.00,-9.65,-3.69,-2.73,1.03,1.04,-0.02,-35.41,-17.60,21.13,-1.00
3493.00,-8.88,-3.29,-2.38,1.13,1.30,0.44,-35.41,-17.60,21.13,-1.00
3505.00,-8.88,-3.29,-2.38,1.13,1.30,0.44,-35.41,-17.60,21.13,-1.00
3517.00,-8.69,-4.32,-1.73,1.08,1.34,0.49,-35.41,-17.60,21.13,-1.00
3529.00,-8.77,-3.65,-2.18,0.36,1.20,0.14,-35.41,-17.60,21.13,-1.00
3543.00,-8.77,-3.65,-2.18,0.36,1.20,0.14,-35.41,-17.60,21.13,-1.00
3555.00,-9.04,-2.55,-2.38,-0.17,1.13,0.02,-35.41,-17.60,21.13,-1.00
3567.00,-8.82,-1.93,-4.59,-0.22,1.12,-0.14,-35.41,-17.60,21.13,-1.00
3581.00,-8.82,-1.93,-4.59,-0.22,1.12,-0.14,-35.41,-17.60,21.13,-1.00
3593.00,-8.93,-3.11,-3.47,0.06,1.05,-0.51,-36.71,-16.70,20.97,-1.00
3605.00,-8.93,-3.11,-3.47,0.06,1.05,-0.51,-36.71,-16.70,20.97,-1.00
3617.00,-8.77,-1.98,-2.90,0.10,1.20,-0.80,-36.71,-16.70,20.97,-1.00
3631.00,-9.22,-1.62,-4.12,0.02,1.32,-0.57,-36.71,-16.70,20.97,-1.00
3643.00,-9.22,-1.62,-4.12,0.02,1.32,-0.57,-36.71,-16.70,20.97,-1.00
3655.00,-9.14,-1.81,-3.88,0.36,1.11,-0.36,-36.71,-16.70,20.97,-1.00
3667.00,-8.85,-2.94,-4.41,0.70,0.97,-0.40,-36.71,-16.70,20.97,-1.00
3681.00,-8.85,-2.94,-4.41,0.70,0.97,-0.40,-36.71,-16.70,20.97,-1.00
3693.00,-8.74,-3.35,-4.14,1.11,0.88,-0.35,-36.71,-16.70,20.97,-1.00
3705.00,-8.74,-3.35,-4.14,1.11,0.88,-0.35,-36.71,-16.70,20.97,-1.00
3717.00,-8.90,-4.77,-1.21,1.20,0.94,-0.18,-37.27,-19.39,21.47,-1.00
3731.00,-8.87,-3.61,-2.58,0.36,1.18,0.09,-37.27,-19.39,21.47,-1.00
3743.00,-8.87,-3.61,-2.58,0.36,1.18,0.09,-37.27,-19.39,21.47,-1.00
3755.00,-8.98,-1.33,-3.96,0.04,1.17,0.15,-37.27,-19.39,21.47,-1.00
3769.00,-9.09,-1.91,-4.65,0.51,1.02,-0.04,-37.27,-19.39,21.47,-1.00
3781.00,-9.09,-1.91,-4.65,0.51,1.02,-0.04,-37.27,-19.39,21.47,-1.00
3793.00,-8.70,-3.85,-3.31,0.99,1.00,-0.22,-37.27,-19.39,21.47,-1.00
3805.00,-8.70,-3.85,-3.31,0.99,1.00,-0.22,-37.27,-19.39,21.47,-1.00
3819.00,-8.70,-4.20,-1.93,0.89,1.07,-0.11,-37.27,-19.39,21.47,-1.00
3831.00,-8.99,-3.03,-2.64,0.28,1.07,0.00,-37.27,-19.39,21.47,-1.00
3843.00,-8.99,-3.03,-2.64,0.28,1.07,0.00,-37.27,-19.39,21.47,-1.00
3855.00,-8.98,-1.97,-3.82,0.01,1.07,0.00,-37.46,-18.14,19.95,-1.00
3869.00,-9.20,-2.44,-4.79,0.35,1.05,-0.09,-37.46,-18.14,19.95,-1.00
3881.00,-9.20,-2.44,-4.79,0.35,1.05,-0.09,-37.46,-18.14,19.95,-1.00
3893.00,-8.93,-4.09,-2.18,0.77,0.96,-0.15,-37.46,-18.14,19.95,-1.00
3905.00,-8.93,-4.09,-2.18,0.77,0.96,-0.15,-37.46,-18.14,19.95,-1.00
3919.00,-9.17,-4.07,-1.83,0.24,0.95,0.17,-37.46,-18.14,19.95,-1.00
3931.00,-8.58,-2.57,-3.75,-0.50,0.93,0.31,-37.46,-18.14,19.95,-1.00
3943.00,-8.58,-2.57,-3.75,-0.50,0.93,0.31,-37.46,-18.14,19.95,-1.00
3957.00,-8.79,-1.64,-4.08,-0.61,0.84,0.15,-37.46,-18.14,19.95,-1.00
3969.00,-8.99,-1.24,-4.23,-0.25,0.94,-0.03,-36.53,-16.52,20.46,-1.00
3981.00,-8.99,-1.24,-4.23,-0.25,0.94,-0.03,-36.53,-16.52,20.46,-1.00
3993.00,-9.01,-1.91,-3.30,0.27,1.00,-0.18,-36.53,-16.52,20.46,-1.00
4007.00,-8.84,-2.74,-2.92,0.44,1.05,-0.31,-36.53,-16.52,20.46,-1.00
4019.00,-8.84,-2.74,-2.92,0.44,1.05,-0.31,-36.53,-16.52,20.46,-1.00
4031.00,-8.48,-1.95,-3.95,0.56,1.19,-0.30,-36.53,-16.52,20.46,-1.00
4043.00,-8.48,-1.95,-3.95,0.56,1.19,-0.30,-36.53,-16.52,20.46,-1.00
4057.00,-7.73,-0.91,-4.08,1.51,1.31,-0.38,-36.53,-16.52,20.46,-1.00
4069.00,-9.50,-3.55,-2.39,2.32,1.32,-0.58,-36.53,-16.52,20.46,-1.00
4081.00,-9.50,-3.55,-2.39,2.32,1.32,-0.58,-36.53,-16.52,20.46,-1.00
4095.00,-9.13,-4.82,-2.35,1.40,1.38,-0.47,-38.94,-17.06,19.95,-1.00
4107.00,-8.84,-4.14,-3.27,0.71,1.19,-0.19,-38.94,-17.06,19.95,-1.00
4119.00,-8.84,-4.14,-3.27,0.71,1.19,-0.19,-38.94,-17.06,19.95,-1.00
4131.00,-9.15,-3.85,-3.51,0.39,0.98,-0.00,-38.94,-17.06,19.95,-1.00
4145.00,-9.15,-3.85,-3.51,0.39,0.98,-0.00,-38.94,-17.06,19.95,-1.00
4157.00,-8.95,-3.00,-3.58,0.30,0.89,0.22,-38.94,-17.06,19.95,-1.00
4169.00,-8.71,-2.57,-3.46,0.38,0.89,0.23,-38.94,-17.06,19.95,-1.00
4181.00,-8.71,-2.57,-3.46,0.38,0.89,0.23,-38.94,-17.06,19.95,-1.00
4195.00,-8.86,-2.72,-3.02,0.26,0.93,0.11,-38.94,-17.06,19.95,-1.00
4207.00,-8.97,-2.31,-3.72,0.06,0.98,0.01,-38.94,-17.06,19.95,-1.00
4219.00,-8.97,-2.31,-3.72,0.06,0.98,0.01,-38.94,-17.06,19.95,-1.00
4231.00,-8.96,-2.84,-3.88,0.12,0.94,-0.04,-37.08,-16.34,22.32,-1.00
4245.00,-8.96,-2.84,-3.88,0.12,0.94,-0.04,-37.08,-16.34,22.32,-1.00
4257.00,-8.84,-2.56,-4.65,0.19,0.83,-0.03,-37.08,-16.34,22.32,-1.00
4269.00,-8.77,-3.70,-3.83,0.51,0.69,0.02,-37.08,-16.34,22.32,-1.00
4283.00,-8.77,-3.70,-3.83,0.51,0.69,0.02,-37.08,-16.34,22.32,-1.00
4295.00,-8.88,-3.84,-2.81,0.24,0.59,0.19,-37.08,-16.34,22.32,-1.00
4307.00,-9.11,-1.94,-3.50,-0.18,0.58,0.38,-37.08,-16.34,22.32,-1.00
4319.00,-9.11,-1.94,-3.50,-0.18,0.58,0.38,-37.08,-16.34,22.32,-1.00
4333.00,-9.29,-0.75,-3.76,-0.07,0.52,0.33,-37.08,-16.34,22.32,-1.00
4345.00,-9.29,-0.75,-3.76,-0.07,0.52,0.33,-37.08,-16.34,22.32,-1.00
4357.00,-9.34,-1.45,-2.62,0.17,0.47,0.12,-38.76,-14.37,22.48,-1.00
4369.00,-9.42,-0.97,-1.70,0.34,0.55,-0.03,-38.76,-14.37,22.48,-1.00
4383.00,-9.42,-0.97,-1.70,0.34,0.55,-0.03,-38.76,-14.37,22.48,-1.00
4395.00,-9.38,-1.39,-3.11,0.49,0.70,-0.16,-38.76,-14.37,22.48,-1.00
4407.00,-9.36,-1.87,-2.89,0.76,0.77,-0.25,-38.76,-14.37,22.48,-1.00
4421.00,-9.36,-1.87,-2.89,0.76,0.77,-0.25,-38.76,-14.37,22.48,-1.00
4433.00,-9.31,-1.88,-2.53,0.81,0.81,-0.31,-38.76,-14.37,22.48,-1.00
4445.00,-9.31,-1.88,-2.53,0.81,0.81,-0.31,-38.76,-14.37,22.48,-1.00
4457.00,-8.98,-2.31,-2.15,0.89,0.87,-0.37,-38.76,-14.37,22.48,-1.00
4471.00,-8.53,-3.37,-1.72,0.44,1.20,-0.39,-37.08,-15.98,23.33,-1.00
4483.00,-8.53,-3.37,-1.72,0.44,1.20,-0.39,-37.08,-15.98,23.33,-1.00
4495.00,-8.86,-1.53,-4.53,0.02,1.80,-0.26,-37.08,-15.98,23.33,-1.00
4507.00,-8.87,-1.65,-4.32,0.69,2.11,-0.24,-37.08,-15.98,23.33,-1.00
4521.00,-8.87,-1.65,-4.32,0.69,2.11,-0.24,-37.08,-15.98,23.33,-1.00
4533.00,-8.87,-2.66,-2.92,1.73,2.35,-0.31,-37.08,-15.98,23.33,-1.00
4545.00,-8.87,-2.66,-2.92,1.73,2.35,-0.31,-37.08,-15.98,23.33,-1.00
4557.00,-10.00,-3.97,-3.45,1.55,1.97,-0.33,-37.08,-15.98,23.33,-1.00
4571.00,-9.64,-2.06,-3.55,0.88,1.24,-0.15,-37.08,-15.98,23.33,-1.00
4583.00,-9.64,-2.06,-3.55,0.88,1.24,-0.15,-37.08,-15.98,23.33,-1.00
4595.00,-9.33,-1.92,-2.67,0.73,0.77,-0.18,-37.08,-15.98,23.33,-1.00
4609.00,-9.17,-3.10,-2.24,0.60,0.63,-0.26,-38.20,-14.91,20.97,-1.00
4621.00,-9.17,-3.10,-2.24,0.60,0.63,-0.26,-38.20,-14.91,20.97,-1.00
4633.00,-8.96,-3.40,-2.21,0.44,0.87,-0.26,-38.20,-14.91,20.97,-1.00
4645.00,-8.96,-3.40,-2.21,0.44,0.87,-0.26,-38.20,-14.91,20.97,-1.00
4659.00,-8.94,-3.56,-2.45,0.31,1.14,-0.17,-38.20,-14.91,20.97,-1.00
4671.00,-8.77,-2.67,-4.16,0.14,1.33,-0.10,-38.20,-14.91,20.97,-1.00
4683.00,-8.77,-2.67,-4.16,0.14,1.33,-0.10,-38.20,-14.91,20.97,-1.00
4695.00,-8.94,-1.99,-4.32,0.19,1.16,-0.04,-38.20,-14.91,20.97,-1.00
4709.00,-9.02,-1.66,-4.51,0.27,0.95,-0.12,-38.20,-14.91,20.97,-1.00
4721.00,-9.02,-1.66,-4.51,0.27,0.95,-0.12,-38.20,-14.91,20.97,-1.00
4733.00,-9.09,-1.26,-5.15,0.42,0.72,-0.22,-38.94,-15.98,20.63,-1.00
4747.00,-8.81,-1.98,-5.60,0.85,0.48,-0.42,-38.94,-15.98,20.63,-1.00
4759.00,-8.81,-1.98,-5.60,0.85,0.48,-0.42,-38.94,-15.98,20.63,-1.00
4771.00,-8.66,-3.81,-4.84,1.24,0.20,-0.54,-38.94,-15.98,20.63,-1.00
4783.00,-8.66,-3.81,-4.84,1.24,0.20,-0.54,-38.94,-15.98,20.63,-1.00
4797.00,-8.61,-4.67,-3.35,1.24,-0.06,-0.41,-38.94,-15.98,20.63,-1.00
4809.00,-8.78,-4.16,-1.73,0.88,-0.17,-0.10,-38.94,-15.98,20.63,-1.00
4821.00,-8.78,-4.16,-1.73,0.88,-0.17,-0.10,-38.94,-15.98,20.63,-1.00
4833.00,-9.12,-2.41,-2.21,0.21,-0.20,0.11,-38.94,-15.98,20.63,-1.00
4847.00,-9.40,-1.97,-1.44,0.09,-0.21,0.07,-36.90,-16.52,27.55,-1.00
4859.00,-9.40,-1.97,-1.44,0.09,-0.21,0.07,-36.90,-16.52,27.55,-1.00
4871.00,-9.12,-0.63,-1.70,-0.06,-0.10,-0.06,-36.90,-16.52,27.55,-1.00
4885.00,-9.12,-0.63,-1.70,-0.06,-0.10,-0.06,-36.90,-16.52,27.55,-1.00
4897.00,-9.46,-2.59,-0.86,0.60,0.07,-0.26,-36.90,-16.52,27.55,-1.00
4909.00,-9.62,-3.68,2.63,0.73,0.44,-0.38,-36.90,-16.52,27.55,-1.00
4921.00,-9.62,-3.68,2.63,0.73,0.44,-0.38,-36.90,-16.52,27.55,-1.00
4935.00,-9.60,-2.73,1.66,0.15,0.91,-0.38,-36.90,-16.52,27.55,-1.00
5022.00,-9.09,-3.35,-2.78,0.90,1.18,-0.26,-35.97,-15.98,25.69,-1.00
5109.00,-9.25,-3.34,-1.75,1.14,1.68,-0.10,-35.78,-16.52,26.87,-1.00
5196.00,-9.38,-2.40,-2.35,-0.10,1.16,0.09,-35.78,-16.52,26.87,-1.00
5210.00,-8.57,-1.42,-3.36,-0.14,1.05,-0.15,-35.78,-16.52,26.87,-1.00
5222.00,-8.57,-1.42,-3.36,-0.14,1.05,-0.15,-35.78,-16.52,26.87,-1.00
5234.00,-9.43,-2.12,-3.60,0.12,0.80,-0.54,-37.27,-16.88,23.83,-1.00
5248.00,-9.56,-2.88,-3.26,0.19,0.79,-0.74,-37.27,-16.88,23.83,-1.00
5260.00,-9.56,-2.88,-3.26,0.19,0.79,-0.74,-37.27,-16.88,23.83,-1.00
5272.00,-10.53,-3.25,-4.24,0.34,0.95,-0.81,-37.27,-16.88,23.83,-1.00
5284.00,-10.53,-3.25,-4.24,0.34,0.95,-0.81,-37.27,-16.88,23.83,-1.00
5298.00,-8.87,-1.90,-3.65,0.45,1.01,-0.86,-37.27,-16.88,23.83,-1.00
5310.00,-9.04,-4.67,-1.82,0.88,1.04,-0.55,-37.27,-16.88,23.83,-1.00
5322.00,-9.04,-4.67,-1.82,0.88,1.04,-0.55,-37.27,-16.88,23.83,-1.00
5334.00,-9.22,-3.99,-1.75,0.69,1.30,-0.00,-37.27,-16.88,23.83,-1.00
5348.00,-9.30,-3.60,-2.06,0.63,1.47,0.42,-37.27,-16.88,23.83,-1.00
5360.00,-9.30,-3.60,-2.06,0.63,1.47,0.42,-37.27,-16.88,23.83,-1.00
5372.00,-9.20,-3.12,-2.02,0.68,1.52,0.62,-36.34,-15.98,23.67,-1.00
5384.00,-9.20,-3.12,-2.02,0.68,1.52,0.62,-36.34,-15.98,23.67,-1.00
5398.00,-8.96,-3.46,-2.72,0.57,1.40,0.40,-36.34,-15.98,23.67,-1.00
5410.00,-9.18,-2.61,-2.40,0.26,1.18,0.09,-36.34,-15.98,23.67,-1.00
5422.00,-9.18,-2.61,-2.40,0.26,1.18,0.09,-36.34,-15.98,23.67,-1.00
5436.00,-8.56,-1.12,-3.37,0.03,1.03,-0.18,-36.34,-15.98,23.67,-1.00
5448.00,-9.24,-2.80,-2.10,0.67,0.78,-0.35,-36.34,-15.98,23.67,-1.00
5460.00,-9.24,-2.80,-2.10,0.67,0.78,-0.35,-36.34,-15.98,23.67,-1.00
5472.00,-9.05,-2.22,-2.95,0.73,0.70,-0.72,-36.34,-15.98,23.67,-1.00
5486.00,-9.75,-2.53,-2.57,0.53,0.87,-0.83,-35.78,-16.16,24.51,-1.00
5498.00,-9.75,-2.53,-2.57,0.53,0.87,-0.83,-35.78,-16.16,24.51,-1.00
5510.00,-8.73,-1.79,-3.50,0.36,0.96,-0.82,-35.78,-16.16,24.51,-1.00
5522.00,-8.73,-1.79,-3.50,0.36,0.96,-0.82,-35.78,-16.16,24.51,-1.00
5536.00,-9.33,-4.27,-1.88,0.85,1.05,-0.52,-35.78,-16.16,24.51,-1.00
5548.00,-8.96,-4.40,-2.27,0.58,1.33,0.09,-35.78,-16.16,24.51,-1.00
5560.00,-8.96,-4.40,-2.27,0.58,1.33,0.09,-35.78,-16.16,24.51,-1.00
5572.00,-8.85,-3.60,-2.28,0.60,1.41,0.49,-35.78,-16.16,24.51,-1.00
5586.00,-8.80,-3.69,-2.25,0.53,1.29,0.30,-35.78,-16.16,24.51,-1.00
5598.00,-8.80,-3.69,-2.25,0.53,1.29,0.30,-35.78,-16.16,24.51,-1.00
5610.00,-9.16,-2.37,-2.98,0.22,1.13,0.03,-38.39,-16.52,23.50,-1.00
5624.00,-9.16,-2.37,-2.98,0.22,1.13,0.03,-38.39,-16.52,23.50,-1.00
5636.00,-8.67,-1.28,-4.87,0.17,1.01,-0.28,-38.39,-16.52,23.50,-1.00
5648.00,-9.18,-3.73,-2.55,0.52,0.77,-0.69,-38.39,-16.52,23.50,-1.00
5660.00,-9.18,-3.73,-2.55,0.52,0.77,-0.69,-38.39,-16.52,23.50,-1.00
5674.00,-8.74,-2.08,-2.98,0.35,0.91,-0.63,-38.39,-16.52,23.50,-1.00
5686.00,-9.46,-2.59,-3.68,0.59,1.05,-0.49,-38.39,-16.52,23.50,-1.00
5698.00,-9.46,-2.59,-3.68,0.59,1.05,-0.49,-38.39,-16.52,23.50,-1.00
5710.00,-9.04,-3.58,-1.75,0.98,1.13,-0.45,-38.39,-16.52,23.50,-1.00
5724.00,-9.04,-3.58,-1.75,0.98,1.13,-0.45,-38.39,-16.52,23.50,-1.00
5736.00,-9.23,-4.70,-1.99,0.79,1.30,-0.37,-38.39,-16.52,23.50,-1.00
5748.00,-9.16,-4.76,-2.15,0.56,1.49,0.14,-35.60,-18.49,24.68,-1.00
5762.00,-9.16,-4.76,-2.15,0.56,1.49,0.14,-35.60,-18.49,24.68,-1.00
5774.00,-9.15,-3.00,-2.63,0.35,1.52,0.45,-35.60,-18.49,24.68,-1.00
5786.00,-9.05,-3.14,-3.26,0.48,1.28,0.31,-35.60,-18.49,24.68,-1.00
5798.00,-9.05,-3.14,-3.26,0.48,1.28,0.31,-35.60,-18.49,24.68,-1.00
5812.00,-8.94,-2.00,-3.53,0.49,0.99,0.08,-35.60,-18.49,24.68,-1.00
5824.00,-8.94,-2.00,-3.53,0.49,0.99,0.08,-35.60,-18.49,24.68,-1.00
5836.00,-8.72,-2.71,-2.97,0.61,0.81,-0.10,-35.60,-18.49,24.68,-1.00
5848.00,-8.40,-3.67,-2.22,0.39,0.82,-0.27,-35.60,-18.49,24.68,-1.00
5862.00,-8.40,-3.67,-2.22,0.39,0.82,-0.27,-35.60,-18.49,24.68,-1.00
5874.00,-9.07,-3.90,-2.83,0.06,0.90,-0.37,-38.57,-17.78,22.32,-1.00
5886.00,-7.59,-1.80,-3.02,0.01,1.01,-0.48,-38.57,-17.78,22.32,-1.00
5898.00,-7.59,-1.80,-3.02,0.01,1.01,-0.48,-38.57,-17.78,22.32,-1.00
5912.00,-8.92,-1.08,-4.59,0.44,1.12,-0.58,-38.57,-17.78,22.32,-1.00
5924.00,-8.92,-1.08,-4.59,0.44,1.12,-0.58,-38.57,-17.78,22.32,-1.00
5936.00,-9.81,-3.45,-2.90,1.15,1.29,-0.53,-38.57,-17.78,22.32,-1.00
5950.00,-8.96,-4.73,-2.30,0.90,1.40,-0.49,-38.57,-17.78,22.32,-1.00
5962.00,-8.96,-4.73,-2.30,0.90,1.40,-0.49,-38.57,-17.78,22.32,-1.00
5974.00,-8.79,-4.26,-3.59,0.51,1.32,-0.12,-38.57,-17.78,22.32,-1.00
5986.00,-9.02,-2.80,-3.38,0.38,1.20,0.17,-37.83,-15.98,21.64,-1.00
6000.00,-9.02,-2.80,-3.38,0.38,1.20,0.17,-37.83,-15.98,21.64,-1.00
6012.00,-9.16,-2.53,-3.74,0.57,1.13,0.28,-37.83,-15.98,21.64,-1.00
6024.00,-9.16,-2.53,-3.74,0.57,1.13,0.28,-37.83,-15.98,21.64,-1.00
6036.00,-8.96,-4.22,-2.58,0.82,0.98,0.17,-37.83,-15.98,21.64,-1.00
6050.00,-8.69,-4.02,-1.89,0.47,0.88,0.15,-37.83,-15.98,21.64,-1.00
6062.00,-8.69,-4.02,-1.89,0.47,0.88,0.15,-37.83,-15.98,21.64,-1.00
6074.00,-8.78,-2.70,-3.22,-0.05,0.88,0.11,-37.83,-15.98,21.64,-1.00
6086.00,-8.99,-2.28,-3.28,-0.16,0.86,0.01,-37.83,-15.98,21.64,-1.00
6100.00,-8.99,-2.28,-3.28,-0.16,0.86,0.01,-37.83,-15.98,21.64,-1.00
6112.00,-9.01,-2.06,-4.56,0.02,0.96,-0.14,-37.83,-15.98,21.64,-1.00
6124.00,-9.01,-2.06,-4.56,0.02,0.96,-0.14,-37.83,-15.98,21.64,-1.00
6138.00,-8.91,-2.10,-4.22,0.52,0.90,-0.29,-36.53,-16.52,22.48,-1.00
6150.00,-8.82,-3.24,-2.62,0.79,0.85,-0.43,-36.53,-16.52,22.48,-1.00
6162.00,-8.82,-3.24,-2.62,0.79,0.85,-0.43,-36.53,-16.52,22.48,-1.00
6174.00,-9.41,-3.33,-2.72,0.67,1.01,-0.47,-36.53,-16.52,22.48,-1.00
6188.00,-8.04,-3.56,-2.61,0.68,1.27,-0.41,-36.53,-16.52,22.48,-1.00
6200.00,-8.04,-3.56,-2.61,0.68,1.27,-0.41,-36.53,-16.52,22.48,-1.00
6212.00,-8.81,-3.76,-3.38,0.59,1.33,-0.16,-36.53,-16.52,22.48,-1.00
6224.00,-8.81,-3.76,-3.38,0.59,1.33,-0.16,-36.53,-16.52,22.48,-1.00
6239.00,-9.19,-2.87,-3.46,0.58,1.13,-0.01,-36.53,-16.52,22.48,-1.00
6251.00,-9.09,-3.06,-2.73,0.70,0.88,-0.07,-36.53,-16.16,22.48,-1.00
6263.00,-9.09,-3.06,-2.73,0.70,0.88,-0.07,-36.53,-16.16,22.48,-1.00
6277.00,-9.10,-4.09,-2.89,0.63,0.81,-0.12,-36.53,-16.16,22.48,-1.00
6289.00,-8.81,-4.82,-1.56,0.35,0.75,0.06,-36.53,-16.16,22.48,-1.00
6301.00,-8.81,-4.82,-1.56,0.35,0.75,0.06,-36.53,-16.16,22.48,-1.00
6313.00,-8.91,-4.44,-2.82,-0.36,0.80,0.30,-36.53,-16.16,22.48,-1.00
6327.00,-8.78,-1.79,-3.57,-0.61,0.82,0.48,-36.53,-16.16,22.48,-1.00
6339.00,-8.78,-1.79,-3.57,-0.61,0.82,0.48,-36.53,-16.16,22.48,-1.00
6351.00,-9.18,-1.05,-3.92,-0.20,0.77,0.33,-36.53,-16.16,22.48,-1.00
6363.00,-9.18,-1.05,-3.92,-0.20,0.77,0.33,-36.53,-16.16,22.48,-1.00
6377.00,-9.21,-1.55,-3.58,0.21,0.64,0.04,-37.64,-15.45,23.50,-1.00
6389.00,-9.22,-2.31,-2.63,0.42,0.61,-0.15,-37.64,-15.45,23.50,-1.00
6401.00,-9.22,-2.31,-2.63,0.42,0.61,-0.15,-37.64,-15.45,23.50,-1.00
6413.00,-9.16,-2.62,-3.10,0.61,0.70,-0.20,-37.64,-15.45,23.50,-1.00
6427.00,-9.04,-4.01,-2.33,0.76,0.73,-0.21,-37.64,-15.45,23.50,-1.00
6439.00,-9.04,-4.01,-2.33,0.76,0.73,-0.21,-37.64,-15.45,23.50,-1.00
6451.00,-9.00,-3.73,-2.03,0.30,0.77,-0.01,-37.64,-15.45,23.50,-1.00
6465.00,-9.00,-3.73,-2.03,0.30,0.77,-0.01,-37.64,-15.45,23.50,-1.00
6477.00,-9.23,-1.92,-2.99,-0.02,0.78,0.17,-37.64,-15.45,23.50,-1.00
6489.00,-9.35,-1.35,-3.24,0.19,0.74,0.09,-37.64,-15.45,23.50,-1.00
6501.00,-9.35,-1.35,-3.24,0.19,0.74,0.09,-37.64,-15.45,23.50,-1.00
6515.00,-9.27,-2.16,-2.65,0.51,0.73,-0.08,-37.64,-15.45,23.50,-1.00
6527.00,-9.12,-2.24,-2.46,0.58,0.76,-0.18,-37.64,-15.45,23.50,-1.00
6539.00,-9.12,-2.24,-2.46,0.58,0.76,-0.18,-37.64,-15.45,23.50,-1.00
6551.00,-9.12,-1.67,-2.70,0.63,0.86,-0.21,-37.64,-15.45,23.50,-1.00
6565.00,-9.12,-1.67,-2.70,0.63,0.86,-0.21,-37.64,-15.45,23.50,-1.00
6652.00,-9.84,-3.70,-3.58,0.95,2.13,-0.29,-36.53,-15.80,22.82,-1.00
6739.00,-9.06,-3.06,-3.31,0.62,0.76,-0.30,-36.53,-15.80,22.82,-1.00
6753.00,-9.12,-3.66,-3.87,0.53,0.83,-0.29,-36.90,-15.09,21.81,-1.00
6765.00,-9.12,-3.66,-3.87,0.53,0.83,-0.29,-36.90,-15.09,21.81,-1.00
6777.00,-8.66,-3.28,-4.68,0.60,0.83,-0.27,-36.90,-15.09,21.81,-1.00
6789.00,-8.77,-2.83,-5.37,0.72,0.52,-0.15,-36.90,-15.09,21.81,-1.00
6803.00,-8.77,-2.83,-5.37,0.72,0.52,-0.15,-36.90,-15.09,21.81,-1.00
6815.00,-8.74,-2.60,-5.10,0.97,0.17,-0.14,-36.90,-15.09,21.81,-1.00
6827.00,-8.86,-3.22,-2.46,0.87,-0.21,-0.16,-36.90,-15.09,21.81,-1.00
6839.00,-8.86,-3.22,-2.46,0.87,-0.21,-0.16,-36.90,-15.09,21.81,-1.00
6853.00,-9.11,-3.00,-1.43,0.45,-0.30,-0.14,-36.90,-15.09,21.81,-1.00
6865.00,-9.11,-3.00,-1.43,0.45,-0.30,-0.14,-36.90,-15.09,21.81,-1.00
6877.00,-9.10,-3.06,-1.77,0.20,-0.19,-0.15,-37.46,-15.62,25.35,-1.00
6889.00,-9.18,-3.50,-1.10,0.44,-0.08,-0.11,-37.46,-15.62,25.35,-1.00
6903.00,-9.18,-3.50,-1.10,0.44,-0.08,-0.11,-37.46,-15.62,25.35,-1.00
6915.00,-9.40,-3.10,0.94,0.38,0.21,-0.05,-37.46,-15.62,25.35,-1.00
6927.00,-9.64,-1.95,0.61,-0.09,0.51,-0.15,-37.46,-15.62,25.35,-1.00
6941.00,-9.64,-1.95,0.61,-0.09,0.51,-0.15,-37.46,-15.62,25.35,-1.00
6953.00,-9.52,-3.02,0.30,-0.13,0.90,-0.30,-37.46,-15.62,25.35,-1.00
6965.00,-9.52,-3.02,0.30,-0.13,0.90,-0.30,-37.46,-15.62,25.35,-1.00
6977.00,-9.33,-3.09,-1.73,-0.16,1.25,-0.29,-37.46,-15.62,25.35,-1.00
6991.00,-9.28,-3.19,-2.24,0.16,1.37,-0.23,-37.46,-15.62,25.35,-1.00
7003.00,-9.28,-3.19,-2.24,0.16,1.37,-0.23,-37.46,-15.62,25.35,-1.00
7015.00,-9.23,-2.41,-2.84,0.45,1.37,-0.15,-36.71,-17.06,28.05,-1.00
7027.00,-8.83,-3.12,-1.26,0.74,1.35,-0.16,-36.71,-17.06,28.05,-1.00
7041.00,-8.83,-3.12,-1.26,0.74,1.35,-0.16,-36.71,-17.06,28.05,-1.00
7053.00,-9.70,-3.51,-1.53,0.71,1.71,0.04,-36.71,-17.06,28.05,-1.00
7065.00,-9.70,-3.51,-1.53,0.71,1.71,0.04,-36.71,-17.06,28.05,-1.00
7079.00,-9.15,-2.94,-2.07,0.43,2.01,0.32,-36.71,-17.06,28.05,-1.00
7091.00,-9.25,-3.19,-3.30,0.34,1.80,0.36,-36.71,-17.06,28.05,-1.00
7103.00,-9.25,-3.19,-3.30,0.34,1.80,0.36,-36.71,-17.06,28.05,-1.00
7115.00,-9.19,-3.60,-2.82,0.57,1.42,0.16,-36.71,-17.06,28.05,-1.00
7129.00,-9.30,-2.83,-2.27,0.41,1.15,0.08,-38.01,-14.01,26.20,-1.00
7141.00,-9.30,-2.83,-2.27,0.41,1.15,0.08,-38.01,-14.01,26.20,-1.00
7153.00,-9.36,-1.57,-2.75,0.05,0.88,0.06,-38.01,-14.01,26.20,-1.00
7165.00,-9.36,-1.57,-2.75,0.05,0.88,0.06,-38.01,-14.01,26.20,-1.00
7179.00,-9.48,-2.01,-2.98,-0.05,0.72,-0.21,-38.01,-14.01,26.20,-1.00
7191.00,-9.19,-2.83,-2.78,0.03,0.65,-0.47,-38.01,-14.01,26.20,-1.00
7203.00,-9.19,-2.83,-2.78,0.03,0.65,-0.47,-38.01,-14.01,26.20,-1.00
7215.00,-8.44,-1.97,-2.81,0.15,0.60,-0.74,-38.01,-14.01,26.20,-1.00
7229.00,-8.47,-0.85,-1.57,0.12,0.74,-1.00,-38.01,-14.01,26.20,-1.00
7241.00,-8.47,-0.85,-1.57,0.12,0.74,-1.00,-38.01,-14.01,26.20,-1.00
7253.00,-8.41,-0.59,-2.94,0.23,1.06,-0.85,-35.41,-17.60,26.87,-1.00
7267.00,-9.09,-2.85,-2.54,0.84,1.19,-0.75,-35.41,-17.60,26.87,-1.00
7279.00,-9.09,-2.85,-2.54,0.84,1.19,-0.75,-35.41,-17.60,26.87,-1.00
7291.00,-9.15,-4.59,-1.91,0.95,1.31,-0.55,-35.41,-17.60,26.87,-1.00
7303.00,-9.15,-4.59,-1.91,0.95,1.31,-0.55,-35.41,-17.60,26.87,-1.00
7317.00,-9.04,-4.35,-1.73,0.73,1.43,-0.10,-35.41,-17.60,26.87,-1.00
7329.00,-8.83,-4.08,-2.07,0.65,1.57,0.32,-35.41,-17.60,26.87,-1.00
7341.00,-8.83,-4.08,-2.07,0.65,1.57,0.32,-35.41,-17.60,26.87,-1.00
7353.00,-8.77,-4.03,-2.32,0.68,1.51,0.47,-35.41,-17.60,26.87,-1.00
7367.00,-9.16,-3.11,-3.15,0.38,1.22,0.28,-35.41,-17.60,26.87,-1.00
7379.00,-9.16,-3.11,-3.15,0.38,1.22,0.28,-35.41,-17.60,26.87,-1.00
7391.00,-9.33,-1.80,-2.94,0.13,0.93,0.15,-38.39,-16.16,23.16,-1.00
7403.00,-9.33,-1.80,-2.94,0.13,0.93,0.15,-38.39,-16.16,23.16,-1.00
7417.00,-8.31,-0.56,-3.68,0.36,0.80,-0.07,-38.39,-16.16,23.16,-1.00
7504.00,-8.20,-2.98,-2.41,0.94,1.32,-0.98,-38.39,-16.16,23.16,-1.00
7591.00,-8.80,-3.68,-2.72,0.45,1.17,0.44,-38.57,-18.85,24.68,-1.00
7605.00,-8.80,-3.68,-2.72,0.45,1.17,0.44,-38.57,-18.85,24.68,-1.00
7617.00,-9.12,-2.88,-2.73,0.46,1.03,0.24,-38.57,-18.85,24.68,-1.00
7629.00,-8.81,-2.81,-2.88,0.34,0.98,0.15,-38.94,-16.34,23.67,-1.00
7641.00,-8.81,-2.81,-2.88,0.34,0.98,0.15,-38.94,-16.34,23.67,-1.00
7655.00,-8.48,-2.82,-2.95,0.16,0.94,0.07,-38.94,-16.34,23.67,-1.00
7667.00,-8.44,-1.82,-3.43,-0.05,0.93,-0.01,-38.94,-16.34,23.67,-1.00
7679.00,-8.44,-1.82,-3.43,-0.05,0.93,-0.01,-38.94,-16.34,23.67,-1.00
7691.00,-8.74,-1.36,-2.85,0.03,0.95,-0.14,-38.94,-16.34,23.67,-1.00
7705.00,-8.74,-1.36,-2.85,0.03,0.95,-0.14,-38.94,-16.34,23.67,-1.00
7717.00,-9.47,-1.56,-3.70,0.13,1.06,-0.33,-38.94,-16.34,23.67,-1.00
7729.00,-9.52,-4.23,-2.59,0.46,1.17,-0.61,-38.94,-16.34,23.67,-1.00
7743.00,-9.52,-4.23,-2.59,0.46,1.17,-0.61,-38.94,-16.34,23.67,-1.00
7755.00,-8.42,-3.33,-2.31,0.63,1.43,-0.71,-38.94,-16.34,23.67,-1.00
7767.00,-9.14,-3.47,-3.68,0.62,1.56,-0.36,-37.83,-15.98,21.64,-1.00
7779.00,-9.14,-3.47,-3.68,0.62,1.56,-0.36,-37.83,-15.98,21.64,-1.00
7793.00,-8.73,-3.42,-3.32,0.49,1.52,-0.08,-37.83,-15.98,21.64,-1.00
7805.00,-8.73,-3.42,-3.32,0.49,1.52,-0.08,-37.83,-15.98,21.64,-1.00
7817.00,-8.98,-3.10,-3.40,0.36,1.36,0.06,-37.83,-15.98,21.64,-1.00
7829.00,-9.14,-2.40,-3.75,0.53,1.15,0.10,-37.83,-15.98,21.64,-1.00
7843.00,-9.14,-2.40,-3.75,0.53,1.15,0.10,-37.83,-15.98,21.64,-1.00
7855.00,-8.95,-2.71,-3.05,0.76,0.94,-0.02,-37.83,-15.98,21.64,-1.00
7867.00,-8.91,-3.42,-2.66,0.74,0.88,-0.13,-37.83,-15.98,21.64,-1.00
7879.00,-8.91,-3.42,-2.66,0.74,0.88,-0.13,-37.83,-15.98,21.64,-1.00
7893.00,-8.89,-3.72,-2.85,0.50,0.99,-0.10,-39.32,-14.91,21.30,-1.00
7905.00,-8.89,-3.72,-2.85,0.50,0.99,-0.10,-39.32,-14.91,21.30,-1.00
7917.00,-8.97,-2.90,-3.44,0.24,1.06,-0.00,-39.32,-14.91,21.30,-1.00
7931.00,-8.85,-2.28,-3.95,0.24,1.03,-0.04,-39.32,-14.91,21.30,-1.00
7943.00,-8.85,-2.28,-3.95,0.24,1.03,-0.04,-39.32,-14.91,21.30,-1.00
7955.00,-8.88,-2.78,-4.85,0.43,0.88,-0.09,-39.32,-14.91,21.30,-1.00
7967.00,-8.79,-3.16,-4.22,0.69,0.71,-0.09,-39.32,-14.91,21.30,-1.00
7981.00,-8.79,-3.16,-4.22,0.69,0.71,-0.09,-39.32,-14.91,21.30,-1.00
7993.00,-8.92,-3.10,-3.81,0.76,0.56,-0.01,-39.32,-14.91,21.30,-1.00
8005.00,-8.92,-3.10,-3.81,0.76,0.56,-0.01,-39.32,-14.91,21.30,-1.00
8017.00,-9.11,-2.61,-3.46,0.67,0.45,0.04,-38.57,-14.19,22.32,-1.00
8031.00,-8.90,-2.40,-4.69,0.67,0.35,0.02,-38.57,-14.19,22.32,-1.00
8043.00,-8.90,-2.40,-4.69,0.67,0.35,0.02,-38.57,-14.19,22.32,-1.00
8055.00,-8.84,-3.29,-4.80,1.05,0.11,-0.02,-38.57,-14.19,22.32,-1.00
8069.00,-8.66,-4.46,-3.39,1.35,-0.15,0.04,-38.57,-14.19,22.32,-1.00
8081.00,-8.66,-4.46,-3.39,1.35,-0.15,0.04,-38.57,-14.19,22.32,-1.00
8093.00,-8.81,-4.38,-0.45,1.01,-0.32,0.33,-38.57,-14.19,22.32,-1.00
8105.00,-8.81,-4.38,-0.45,1.01,-0.32,0.33,-38.57,-14.19,22.32,-1.00
8119.00,-9.27,-1.12,-0.12,0.25,-0.18,0.61,-38.57,-14.19,22.32,-1.00
8131.00,-9.60,-0.62,-1.99,0.11,-0.04,0.49,-38.57,-14.19,22.32,-1.00
8143.00,-9.60,-0.62,-1.99,0.11,-0.04,0.49,-38.57,-14.19,22.32,-1.00
8155.00,-9.68,-1.78,0.31,0.42,0.09,0.16,-37.83,-12.76,27.04,-1.00
8169.00,-9.86,-1.25,1.57,0.14,0.36,-0.04,-37.83,-12.76,27.04,-1.00
8181.00,-9.86,-1.25,1.57,0.14,0.36,-0.04,-37.83,-12.76,27.04,-1.00
8193.00,-9.95,-1.70,0.66,0.10,0.80,-0.19,-37.83,-12.76,27.04,-1.00
8205.00,-9.95,-1.70,0.66,0.10,0.80,-0.19,-37.83,-12.76,27.04,-1.00
8219.00,-9.57,-1.64,-0.20,0.09,1.25,-0.37,-37.83,-12.76,27.04,-1.00
8231.00,-9.73,-0.82,-1.59,0.21,1.55,-0.43,-37.83,-12.76,27.04,-1.00
8243.00,-9.73,-0.82,-1.59,0.21,1.55,-0.43,-37.83,-12.76,27.04,-1.00
8257.00,-9.60,-0.34,-1.59,0.46,1.63,-0.65,-37.83,-12.76,27.04,-1.00
8269.00,-11.27,-2.15,-1.10,0.62,1.76,-1.01,-36.71,-14.55,28.05,-1.00
8281.00,-11.27,-2.15,-1.10,0.62,1.76,-1.01,-36.71,-14.55,28.05,-1.00
8293.00,-9.74,-4.01,-3.15,0.59,1.95,-1.27,-36.71,-14.55,28.05,-1.00
8307.00,-7.73,-4.70,-2.61,0.52,1.86,-0.90,-36.71,-14.55,28.05,-1.00
8319.00,-7.73,-4.70,-2.61,0.52,1.86,-0.90,-36.71,-14.55,28.05,-1.00
8331.00,-7.64,-3.58,-4.01,0.54,1.70,-0.65,-36.71,-14.55,28.05,-1.00
8343.00,-7.64,-3.58,-4.01,0.54,1.70,-0.65,-36.71,-14.55,28.05,-1.00
8357.00,-7.95,-5.14,-3.83,1.10,1.32,-0.61,-36.71,-14.55,28.05,-1.00
8369.00,-9.11,-4.59,-2.92,0.94,0.84,-0.33,-36.71,-14.55,28.05,-1.00
8381.00,-9.11,-4.59,-2.92,0.94,0.84,-0.33,-36.71,-14.55,28.05,-1.00
8395.00,-8.51,-4.01,-2.59,0.73,0.72,0.02,-35.78,-16.52,26.87,-1.00
8407.00,-8.87,-4.26,-1.72,0.60,0.60,0.25,-35.78,-16.52,26.87,-1.00
8419.00,-8.87,-4.26,-1.72,0.60,0.60,0.25,-35.78,-16.52,26.87,-1.00
8431.00,-9.28,-3.68,-1.82,0.35,0.49,0.38,-35.78,-16.52,26.87,-1.00
8445.00,-9.28,-3.68,-1.82,0.35,0.49,0.38,-35.78,-16.52,26.87,-1.00
8457.00,-9.34,-3.30,-1.35,0.18,0.43,0.46,-35.78,-16.52,26.87,-1.00
8469.00,-9.50,-2.28,-1.43,0.05,0.56,0.41,-35.78,-16.52,26.87,-1.00
8481.00,-9.50,-2.28,-1.43,0.05,0.56,0.41,-35.78,-16.52,26.87,-1.00
8495.00,-9.53,-1.32,-1.32,0.21,0.80,0.30,-35.78,-16.52,26.87,-1.00
8507.00,-9.71,-1.74,-1.62,0.50,1.05,0.17,-35.78,-16.52,26.87,-1.00
8519.00,-9.71,-1.74,-1.62,0.50,1.05,0.17,-35.78,-16.52,26.87,-1.00
8531.00,-9.92,-2.52,-1.97,0.61,1.16,0.03,-38.20,-13.47,28.39,-1.00
8545.00,-9.92,-2.52,-1.97,0.61,1.16,0.03,-38.20,-13.47,28.39,-1.00
8557.00,-9.22,-3.33,-2.29,0.64,1.13,-0.03,-38.20,-13.47,28.39,-1.00
8569.00,-9.27,-3.59,-1.40,0.53,1.04,0.10,-38.20,-13.47,28.39,-1.00
8581.00,-9.27,-3.59,-1.40,0.53,1.04,0.10,-38.20,-13.47,28.39,-1.00
8595.00,-9.15,-1.87,-1.68,0.28,1.09,0.23,-38.20,-13.47,28.39,-1.00
8607.00,-9.57,-1.19,-1.95,0.34,1.23,0.18,-38.20,-13.47,28.39,-1.00
8619.00,-9.57,-1.19,-1.95,0.34,1.23,0.18,-38.20,-13.47,28.39,-1.00
8633.00,-9.16,0.43,-2.13,0.69,1.44,-0.09,-38.20,-13.47,28.39,-1.00
8645.00,-9.16,0.43,-2.13,0.69,1.44,-0.09,-38.20,-13.47,28.39,-1.00
8657.00,-9.25,-0.87,-2.61,1.26,1.66,-0.51,-38.57,-11.68,28.39,-1.00
8669.00,-9.04,-3.43,-1.46,1.88,1.92,-0.93,-38.57,-11.68,28.39,-1.00
8683.00,-9.04,-3.43,-1.46,1.88,1.92,-0.93,-38.57,-11.68,28.39,-1.00
8695.00,-8.50,-4.50,-1.62,1.46,1.89,-1.05,-38.57,-11.68,28.39,-1.00
8707.00,-8.96,-4.62,-1.13,0.69,1.70,-0.82,-38.57,-11.68,28.39,-1.00
8719.00,-8.96,-4.62,-1.13,0.69,1.70,-0.82,-38.57,-11.68,28.39,-1.00
8733.00,-9.57,-3.12,-2.95,0.01,1.53,-0.62,-38.57,-11.68,28.39,-1.00
8745.00,-9.57,-3.12,-2.95,0.01,1.53,-0.62,-38.57,-11.68,28.39,-1.00
8757.00,-9.48,-3.57,-3.95,-0.27,1.17,-0.47,-38.57,-11.68,28.39,-1.00
8771.00,-9.15,-4.53,-4.69,-0.21,0.65,-0.35,-37.27,-15.09,25.18,-1.00
8783.00,-9.15,-4.53,-4.69,-0.21,0.65,-0.35,-37.27,-15.09,25.18,-1.00
8795.00,-9.18,-5.55,-3.24,-0.16,0.08,-0.08,-37.27,-15.09,25.18,-1.00
8807.00,-8.87,-3.27,-3.15,-0.33,-0.05,0.40,-37.27,-15.09,25.18,-1.00
8821.00,-8.87,-3.27,-3.15,-0.33,-0.05,0.40,-37.27,-15.09,25.18,-1.00
8833.00,-8.75,-3.09,-3.34,-0.06,-0.12,0.64,-37.27,-15.09,25.18,-1.00
8845.00,-8.75,-3.09,-3.34,-0.06,-0.12,0.64,-37.27,-15.09,25.18,-1.00
8857.00,-8.86,-2.86,-4.25,0.29,-0.22,0.77,-37.27,-15.09,25.18,-1.00
8871.00,-8.75,-2.19,-2.83,0.75,-0.28,0.78,-37.27,-15.09,25.18,-1.00
8883.00,-8.75,-2.19,-2.83,0.75,-0.28,0.78,-37.27,-15.09,25.18,-1.00
8895.00,-9.73,0.02,-2.37,0.94,-0.15,0.59,-37.27,-15.09,25.18,-1.00
8909.00,-9.69,-0.55,2.72,1.36,0.11,0.28,-36.34,-12.40,30.75,-1.00
8921.00,-9.69,-0.55,2.72,1.36,0.11,0.28,-36.34,-12.40,30.75,-1.00
8933.00,-9.86,-1.34,2.11,1.23,0.81,0.07,-36.34,-12.40,30.75,-1.00
8945.00,-9.86,-1.34,2.11,1.23,0.81,0.07,-36.34,-12.40,30.75,-1.00
8959.00,-10.03,-1.43,-1.28,0.68,1.42,-0.18,-36.34,-12.40,30.75,-1.00
8971.00,-9.96,-2.62,-1.72,0.66,1.49,-0.44,-36.34,-12.40,30.75,-1.00
8983.00,-9.96,-2.62,-1.72,0.66,1.49,-0.44,-36.34,-12.40,30.75,-1.00
8995.00,-9.76,-1.95,-0.79,0.92,1.45,-0.56,-36.34,-12.40,30.75,-1.00
9009.00,-8.49,-0.95,-0.46,1.15,1.51,-0.63,-36.34,-12.40,30.75,-1.00
9096.00,-9.35,-3.31,-2.10,0.40,1.08,-0.12,-37.83,-11.68,30.08,-1.00
9183.00,-9.04,-2.50,-1.33,-0.02,0.69,0.26,-37.64,-13.65,29.23,-1.00
9270.00,-9.20,-2.30,-2.75,0.76,1.30,-0.62,-37.64,-13.65,29.23,-1.00
9284.00,-9.20,-2.30,-2.75,0.76,1.30,-0.62,-37.64,-13.65,29.23,-1.00
9296.00,-9.51,-3.94,-1.10,1.54,1.44,-0.89,-35.78,-12.22,28.22,-1.00
9308.00,-9.57,-4.85,-0.72,1.56,1.65,-0.80,-35.78,-12.22,28.22,-1.00
9322.00,-9.57,-4.85,-0.72,1.56,1.65,-0.80,-35.78,-12.22,28.22,-1.00
9334.00,-9.19,-3.42,-2.10,0.94,1.51,-0.35,-35.78,-12.22,28.22,-1.00
9346.00,-9.49,-2.67,-1.80,0.77,1.35,-0.18,-35.78,-12.22,28.22,-1.00
9358.00,-9.49,-2.67,-1.80,0.77,1.35,-0.18,-35.78,-12.22,28.22,-1.00
9372.00,-9.83,-2.92,-1.54,0.79,1.26,-0.15,-35.78,-12.22,28.22,-1.00
9384.00,-9.83,-2.92,-1.54,0.79,1.26,-0.15,-35.78,-12.22,28.22,-1.00
9396.00,-9.50,-4.08,-0.82,0.66,1.12,-0.09,-35.78,-12.22,28.22,-1.00
9408.00,-9.56,-5.28,0.25,0.24,1.02,0.02,-38.01,-11.50,28.56,-1.00
9422.00,-9.56,-5.28,0.25,0.24,1.02,0.02,-38.01,-11.50,28.56,-1.00
9434.00,-9.42,-3.56,-1.57,-0.52,1.07,0.47,-38.01,-11.50,28.56,-1.00
9446.00,-9.15,-1.66,-2.08,-0.87,0.94,0.72,-38.01,-11.50,28.56,-1.00
9458.00,-9.15,-1.66,-2.08,-0.87,0.94,0.72,-38.01,-11.50,28.56,-1.00
9472.00,-9.25,-1.11,-3.29,-0.80,0.79,0.52,-38.01,-11.50,28.56,-1.00
9484.00,-9.25,-1.11,-3.29,-0.80,0.79,0.52,-38.01,-11.50,28.56,-1.00
9496.00,-9.62,-1.41,-2.01,-0.26,0.71,0.18,-38.01,-11.50,28.56,-1.00
9510.00,-9.03,-1.42,-1.39,-0.12,0.72,-0.13,-38.01,-11.50,28.56,-1.00
9522.00,-9.03,-1.42,-1.39,-0.12,0.72,-0.13,-38.01,-11.50,28.56,-1.00
9534.00,-8.67,-0.70,-2.00,0.01,0.80,-0.28,-37.64,-10.78,29.57,-1.00
9546.00,-9.51,0.18,-1.70,0.22,0.91,-0.45,-37.64,-10.78,29.57,-1.00
9560.00,-9.51,0.18,-1.70,0.22,0.91,-0.45,-37.64,-10.78,29.57,-1.00
9572.00,-9.73,-0.45,-3.06,0.64,1.12,-0.66,-37.64,-10.78,29.57,-1.00
9584.00,-9.73,-0.45,-3.06,0.64,1.12,-0.66,-37.64,-10.78,29.57,-1.00
9596.00,-9.83,-2.27,-3.89,1.14,1.28,-1.03,-37.64,-10.78,29.57,-1.00
9610.00,-8.19,-4.00,-0.71,1.53,1.46,-1.20,-37.64,-10.78,29.57,-1.00
9622.00,-8.19,-4.00,-0.71,1.53,1.46,-1.20,-37.64,-10.78,29.57,-1.00
9634.00,-8.90,-4.79,-0.15,1.39,1.60,-0.61,-37.64,-10.78,29.57,-1.00
9648.00,-10.08,-2.58,-2.36,1.07,1.85,-0.22,-37.64,-10.78,29.57,-1.00
9660.00,-10.08,-2.58,-2.36,1.07,1.85,-0.22,-37.64,-10.78,29.57,-1.00
9672.00,-9.51,-3.63,-2.67,0.93,1.64,-0.19,-37.27,-11.50,27.21,-1.00
9684.00,-9.51,-3.63,-2.67,0.93,1.64,-0.19,-37.27,-11.50,27.21,-1.00
9698.00,-9.52,-3.95,-2.30,0.64,1.23,-0.03,-37.27,-11.50,27.21,-1.00
9710.00,-9.45,-3.48,-2.05,0.55,0.97,0.20,-37.27,-11.50,27.21,-1.00
9722.00,-9.45,-3.48,-2.05,0.55,0.97,0.20,-37.27,-11.50,27.21,-1.00
9734.00,-9.31,-3.64,-0.72,0.40,0.85,0.32,-37.27,-11.50,27.21,-1.00
9748.00,-9.15,-2.93,-1.28,-0.11,0.93,0.34,-37.27,-11.50,27.21,-1.00
9760.00,-9.15,-2.93,-1.28,-0.11,0.93,0.34,-37.27,-11.50,27.21,-1.00
9772.00,-9.29,-2.20,-2.43,-0.46,0.98,0.26,-37.27,-11.50,27.21,-1.00
9784.00,-9.29,-2.20,-2.43,-0.46,0.98,0.26,-37.27,-11.50,27.21,-1.00
9798.00,-9.25,-1.38,-3.07,-0.26,0.93,-0.00,-38.57,-12.40,27.04,-1.00
9810.00,-9.09,-1.34,-1.92,-0.01,0.92,-0.21,-38.57,-12.40,27.04,-1.00
9822.00,-9.09,-1.34,-1.92,-0.01,0.92,-0.21,-38.57,-12.40,27.04,-1.00
9836.00,-9.34,0.95,-3.82,0.08,1.00,-0.38,-38.57,-12.40,27.04,-1.00
9848.00,-9.78,-0.53,-4.18,0.79,1.15,-0.59,-38.57,-12.40,27.04,-1.00
9860.00,-9.78,-0.53,-4.18,0.79,1.15,-0.59,-38.57,-12.40,27.04,-1.00
9872.00,-9.30,-1.49,-3.28,1.62,1.40,-1.07,-38.57,-12.40,27.04,-1.00
9886.00,-9.38,-5.04,-0.33,1.93,1.67,-0.92,-38.57,-12.40,27.04,-1.00
9898.00,-9.38,-5.04,-0.33,1.93,1.67,-0.92,-38.57,-12.40,27.04,-1.00
9910.00,-9.26,-3.97,-1.90,0.75,1.61,-0.35,-38.01,-12.58,25.18,-1.00
9922.00,-9.26,-3.97,-1.90,0.75,1.61,-0.35,-38.01,-12.58,25.18,-1.00
9936.00,-9.45,-2.60,-3.14,0.20,1.43,-0.06,-38.01,-12.58,25.18,-1.00
10023.00,-9.01,-2.97,-2.53,-0.24,1.08,0.20,-38.01,-12.58,25.18,-1.00
10110.00,-9.86,-3.68,-1.81,0.70,1.39,-0.30,-38.39,-12.58,25.18,-1.00
10124.00,-9.86,-3.68,-1.81,0.70,1.39,-0.30,-38.39,-12.58,25.18,-1.00
10136.00,-8.84,-2.19,-2.43,-0.07,1.73,-0.27,-38.39,-12.58,25.18,-1.00
10148.00,-9.12,-2.41,-3.19,-0.47,1.96,-0.15,-38.39,-12.58,25.18,-1.00
10160.00,-9.12,-2.41,-3.19,-0.47,1.96,-0.15,-38.39,-12.58,25.18,-1.00
10174.00,-9.17,-2.60,-4.48,-0.04,1.84,-0.02,-37.83,-13.11,22.32,-1.00
10186.00,-9.42,-3.31,-3.61,0.55,1.46,-0.08,-37.83,-13.11,22.32,-1.00
10198.00,-9.42,-3.31,-3.61,0.55,1.46,-0.08,-37.83,-13.11,22.32,-1.00
10210.00,-9.29,-2.12,-3.56,0.54,1.08,-0.05,-37.83,-13.11,22.32,-1.00
10224.00,-9.29,-2.12,-3.56,0.54,1.08,-0.05,-37.83,-13.11,22.32,-1.00
10236.00,-9.08,-1.49,-3.35,0.62,0.81,-0.08,-37.83,-13.11,22.32,-1.00
10248.00,-9.24,-2.41,-3.36,0.89,0.67,-0.17,-37.83,-13.11,22.32,-1.00
10262.00,-9.24,-2.41,-3.36,0.89,0.67,-0.17,-37.83,-13.11,22.32,-1.00
10274.00,-9.07,-3.69,-3.06,0.98,0.72,-0.28,-37.83,-13.11,22.32,-1.00
10286.00,-8.95,-4.12,-2.02,0.73,0.86,-0.21,-38.76,-14.01,23.16,-1.00
10298.00,-8.95,-4.12,-2.02,0.73,0.86,-0.21,-38.76,-14.01,23.16,-1.00
10312.00,-9.01,-2.36,-3.29,0.29,0.96,-0.01,-38.76,-14.01,23.16,-1.00
10324.00,-9.01,-2.36,-3.29,0.29,0.96,-0.01,-38.76,-14.01,23.16,-1.00
10336.00,-9.24,-0.92,-3.85,0.32,0.87,0.03,-38.76,-14.01,23.16,-1.00
10348.00,-9.47,0.50,-3.71,0.54,0.71,-0.19,-38.76,-14.01,23.16,-1.00
10362.00,-9.47,0.50,-3.71,0.54,0.71,-0.19,-38.76,-14.01,23.16,-1.00
10374.00,-10.05,1.00,-2.69,0.94,0.52,-0.49,-38.76,-14.01,23.16,-1.00
10386.00,-10.93,-0.59,-4.81,1.20,0.71,-1.50,-38.76,-14.01,23.16,-1.00
10400.00,-10.93,-0.59,-4.81,1.20,0.71,-1.50,-38.76,-14.01,23.16,-1.00
10412.00,-9.43,-7.01,-0.97,2.13,0.73,-1.92,-38.76,-14.01,23.16,-1.00
10424.00,-9.43,-7.01,-0.97,2.13,0.73,-1.92,-38.76,-14.01,23.16,-1.00
10436.00,-6.44,-7.42,-0.63,1.06,0.94,-1.82,-37.64,-14.01,24.85,-1.00
10450.00,-6.88,-5.45,-2.53,0.27,1.10,-1.03,-37.64,-14.01,24.85,-1.00
10462.00,-6.88,-5.45,-2.53,0.27,1.10,-1.03,-37.64,-14.01,24.85,-1.00
10474.00,-7.34,-5.65,-1.79,0.07,1.07,-0.50,-37.64,-14.01,24.85,-1.00
10486.00,-8.66,-4.48,-3.52,0.04,1.11,-0.03,-37.64,-14.01,24.85,-1.00
10500.00,-8.66,-4.48,-3.52,0.04,1.11,-0.03,-37.64,-14.01,24.85,-1.00
10512.00,-8.09,-5.54,-2.37,0.56,0.90,0.27,-37.64,-14.01,24.85,-1.00
10524.00,-8.09,-5.54,-2.37,0.56,0.90,0.27,-37.64,-14.01,24.85,-1.00
10538.00,-12.53,-5.73,-0.79,0.41,0.77,0.65,-37.64,-14.01,24.85,-1.00
10550.00,-9.12,-3.60,-2.31,-0.35,1.01,0.87,-38.39,-15.45,25.52,-1.00
10562.00,-9.12,-3.60,-2.31,-0.35,1.01,0.87,-38.39,-15.45,25.52,-1.00
10574.00,-9.01,-1.49,-3.37,-0.63,1.17,0.92,-38.39,-15.45,25.52,-1.00
10588.00,-9.10,-0.19,-4.30,-0.12,1.17,0.76,-38.39,-15.45,25.52,-1.00
10600.00,-9.10,-0.19,-4.30,-0.12,1.17,0.76,-38.39,-15.45,25.52,-1.00
10612.00,-9.26,-0.46,-3.67,0.67,1.10,0.42,-38.39,-15.45,25.52,-1.00
10624.00,-9.26,-0.46,-3.67,0.67,1.10,0.42,-38.39,-15.45,25.52,-1.00
10638.00,-9.25,-3.60,-1.53,1.23,1.06,0.19,-38.39,-15.45,25.52,-1.00
10650.00,-9.21,-3.41,-2.66,0.79,1.23,-0.12,-38.39,-15.45,25.52,-1.00
10662.00,-9.21,-3.41,-2.66,0.79,1.23,-0.12,-38.39,-15.45,25.52,-1.00
10676.00,-8.13,-3.10,-1.31,0.63,1.40,-0.25,-39.32,-12.76,22.99,-1.00
10688.00,-9.28,-4.80,0.17,0.34,1.55,-0.43,-39.32,-12.76,22.99,-1.00
10700.00,-9.28,-4.80,0.17,0.34,1.55,-0.43,-39.32,-12.76,22.99,-1.00
10712.00,-9.57,-1.87,-2.85,-0.73,1.56,-0.41,-39.32,-12.76,22.99,-1.00
10726.00,-9.69,-1.42,-5.20,-0.68,1.23,-0.38,-39.32,-12.76,22.99,-1.00
10738.00,-9.69,-1.42,-5.20,-0.68,1.23,-0.38,-39.32,-12.76,22.99,-1.00
10750.00,-9.02,-1.86,-4.00,-0.11,0.69,-0.75,-39.32,-12.76,22.99,-1.00
10764.00,-9.02,-1.86,-4.00,-0.11,0.69,-0.75,-39.32,-12.76,22.99,-1.00
10776.00,-9.05,-3.42,-2.95,0.19,0.34,-0.53,-39.32,-12.76,22.99,-1.00
10788.00,-9.07,-2.95,-2.33,0.15,0.32,-0.04,-39.32,-12.76,22.99,-1.00
10800.00,-9.07,-2.95,-2.33,0.15,0.32,-0.04,-39.32,-12.76,22.99,-1.00
10814.00,-9.37,-2.09,-3.16,0.22,0.47,0.23,-37.46,-15.27,23.33,-1.00
10826.00,-9.12,-1.52,-3.87,0.64,0.69,0.24,-37.46,-15.27,23.33,-1.00
10838.00,-9.12,-1.52,-3.87,0.64,0.69,0.24,-37.46,-15.27,23.33,-1.00
10850.00,-8.53,-3.04,-3.43,1.21,0.84,0.22,-37.46,-15.27,23.33,-1.00
10864.00,-8.53,-3.04,-3.43,1.21,0.84,0.22,-37.46,-15.27,23.33,-1.00
10876.00,-8.55,-4.57,-1.34,1.47,1.01,0.17,-37.46,-15.27,23.33,-1.00
10888.00,-9.06,-3.75,-1.72,1.07,1.29,0.13,-37.46,-15.27,23.33,-1.00
10900.00,-9.06,-3.75,-1.72,1.07,1.29,0.13,-37.46,-15.27,23.33,-1.00
10914.00,-9.11,-1.71,-2.24,0.61,1.53,0.10,-37.46,-15.27,23.33,-1.00
10926.00,-8.99,-2.38,-3.54,0.36,1.67,-0.18,-39.13,-12.22,25.18,-1.00
10938.00,-8.99,-2.38,-3.54,0.36,1.67,-0.18,-39.13,-12.22,25.18,-1.00
10952.00,-9.91,-3.37,-4.66,-0.06,1.77,-0.40,-39.13,-12.22,25.18,-1.00
10964.00,-9.91,-3.37,-4.66,-0.06,1.77,-0.40,-39.13,-12.22,25.18,-1.00
10976.00,-9.09,-1.68,-4.18,0.19,1.58,-0.45,-39.13,-12.22,25.18,-1.00
10988.00,-8.76,-1.82,-3.36,0.68,1.32,-0.52,-39.13,-12.22,25.18,-1.00
11002.00,-8.76,-1.82,-3.36,0.68,1.32,-0.52,-39.13,-12.22,25.18,-1.00
11014.00,-9.36,-2.77,-1.85,0.87,1.38,-0.31,-39.13,-12.22,25.18,-1.00
11026.00,-10.63,-3.70,-2.90,0.51,1.22,0.02,-39.13,-12.22,25.18,-1.00
11040.00,-10.63,-3.70,-2.90,0.51,1.22,0.02,-39.13,-12.22,25.18,-1.00
11052.00,-9.25,-3.25,-3.57,0.36,0.94,0.37,-39.87,-12.93,20.80,-1.00
11064.00,-9.25,-3.25,-3.57,0.36,0.94,0.37,-39.87,-12.93,20.80,-1.00
11076.00,-8.77,-2.28,-3.46,0.41,0.58,0.39,-39.87,-12.93,20.80,-1.00
11090.00,-8.30,-2.66,-3.99,0.46,0.43,-0.20,-39.87,-12.93,20.80,-1.00
11102.00,-8.30,-2.66,-3.99,0.46,0.43,-0.20,-39.87,-12.93,20.80,-1.00
11114.00,-8.33,-4.34,-2.46,0.44,0.53,-0.44,-39.87,-12.93,20.80,-1.00
11126.00,-8.81,-3.04,-3.06,0.06,0.96,-0.24,-39.87,-12.93,20.80,-1.00
11140.00,-8.81,-3.04,-3.06,0.06,0.96,-0.24,-39.87,-12.93,20.80,-1.00
11152.00,-8.57,-2.60,-3.06,0.05,1.28,-0.14,-39.87,-12.93,20.80,-1.00
11164.00,-8.57,-2.60,-3.06,0.05,1.28,-0.14,-39.87,-12.93,20.80,-1.00
11178.00,-8.70,-1.83,-3.27,0.44,1.47,-0.28,-39.87,-12.93,20.80,-1.00
11190.00,-9.10,-3.20,-3.68,0.50,1.64,-0.54,-39.87,-12.93,20.80,-1.00
11202.00,-9.10,-3.20,-3.68,0.50,1.64,-0.54,-39.87,-12.93,20.80,-1.00
11214.00,-8.39,-2.79,-3.00,0.04,1.70,-0.41,-39.87,-12.93,20.80,-1.00
11228.00,-8.74,-2.32,-3.97,0.15,1.48,-0.02,-39.87,-12.93,20.80,-1.00
11240.00,-8.74,-2.32,-3.97,0.15,1.48,-0.02,-39.87,-12.93,20.80,-1.00
11252.00,-8.38,-1.08,-2.43,0.50,1.29,0.05,-39.87,-12.93,20.80,-1.00
11264.00,-8.38,-1.08,-2.43,0.50,1.29,0.05,-39.87,-12.93,20.80,-1.00
11278.00,-9.29,-1.32,-2.07,0.53,1.18,-0.16,-39.87,-12.93,20.80,-1.00
11290.00,-9.23,-0.34,-4.25,-0.02,1.41,-0.78,-39.87,-12.93,20.80,-1.00
11302.00,-9.23,-0.34,-4.25,-0.02,1.41,-0.78,-39.87,-12.93,20.80,-1.00
11316.00,-10.51,-1.06,-7.16,0.59,1.18,-1.42,-40.25,-15.09,18.77,-1.00
11328.00,-7.40,-6.61,-3.57,1.99,0.69,-1.54,-40.25,-15.09,18.77,-1.00
11340.00,-7.40,-6.61,-3.57,1.99,0.69,-1.54,-40.25,-15.09,18.77,-1.00
11352.00,-8.67,-9.03,-1.09,1.55,0.76,-1.01,-40.25,-15.09,18.77,-1.00
11366.00,-7.71,-8.44,-2.50,0.67,1.04,0.14,-40.25,-15.09,18.77,-1.00
11378.00,-7.71,-8.44,-2.50,0.67,1.04,0.14,-40.25,-15.09,18.77,-1.00
11390.00,-8.65,-4.54,-2.13,-0.50,1.24,0.96,-40.25,-15.09,18.77,-1.00
11402.00,-8.65,-4.54,-2.13,-0.50,1.24,0.96,-40.25,-15.09,18.77,-1.00
11416.00,-9.39,2.56,-5.12,-1.13,1.20,1.20,-40.25,-15.09,18.77,-1.00
11428.00,-9.88,4.79,-6.36,-0.29,0.74,0.52,-39.69,-14.55,17.93,-1.00
11440.00,-9.88,4.79,-6.36,-0.29,0.74,0.52,-39.69,-14.55,17.93,-1.00
11454.00,-10.04,2.49,-4.24,1.02,0.59,-0.75,-39.69,-14.55,17.93,-1.00
11466.00,-15.65,-0.91,-1.33,2.10,0.62,-1.52,-39.69,-14.55,17.93,-1.00
11478.00,-15.65,-0.91,-1.33,2.10,0.62,-1.52,-39.69,-14.55,17.93,-1.00
11490.00,-16.31,-1.28,-1.62,2.63,0.76,-2.20,-39.69,-14.55,17.93,-1.00
11504.00,-16.31,-1.28,-1.62,2.63,0.76,-2.20,-39.69,-14.55,17.93,-1.00
11591.00,-3.61,-8.15,-1.46,-0.61,1.98,0.31,-33.74,-21.36,24.68,-1.00
11678.00,-5.40,-4.55,-1.21,-0.25,-0.33,0.95,-33.74,-21.36,24.68,-1.00
11765.00,-10.77,-2.61,-1.75,0.17,-0.20,0.06,-37.64,-17.24,21.81,-1.00
11779.00,-9.73,-3.25,-2.45,-0.10,0.06,-0.29,-37.64,-17.24,21.81,-1.00
11791.00,-10.13,-3.50,-2.95,-0.17,0.13,-0.23,-37.64,-17.24,21.81,-1.00
11803.00,-10.13,-3.50,-2.95,-0.17,0.13,-0.23,-37.64,-17.24,21.81,-1.00
11817.00,-9.95,-2.86,-1.56,-0.38,0.18,-0.00,-35.97,-15.98,27.04,-1.00
11829.00,-8.08,-2.89,-3.01,-0.52,0.47,-0.23,-35.97,-15.98,27.04,-1.00
11841.00,-8.08,-2.89,-3.01,-0.52,0.47,-0.23,-35.97,-15.98,27.04,-1.00
11853.00,-11.05,-3.98,-3.26,-0.08,0.76,-0.56,-35.97,-15.98,27.04,-1.00
11867.00,-11.01,-5.28,-2.82,0.23,1.06,-0.52,-35.97,-15.98,27.04,-1.00
11879.00,-11.01,-5.28,-2.82,0.23,1.06,-0.52,-35.97,-15.98,27.04,-1.00
11891.00,-7.97,-4.60,-3.37,0.27,1.42,-0.05,-35.97,-15.98,27.04,-1.00
11903.00,-7.97,-4.60,-3.37,0.27,1.42,-0.05,-35.97,-15.98,27.04,-1.00
11917.00,-7.16,-4.11,-3.30,0.21,1.40,0.29,-35.97,-15.98,27.04,-1.00
11929.00,-8.17,-3.81,-4.36,-0.12,1.17,0.34,-37.46,-17.06,25.69,-1.00
11941.00,-8.17,-3.81,-4.36,-0.12,1.17,0.34,-37.46,-17.06,25.69,-1.00
11955.00,-9.97,-3.67,-4.36,-0.12,0.85,0.26,-37.46,-17.06,25.69,-1.00
11967.00,-9.17,-2.55,-3.60,0.12,0.71,0.13,-37.46,-17.06,25.69,-1.00
11979.00,-9.17,-2.55,-3.60,0.12,0.71,0.13,-37.46,-17.06,25.69,-1.00
11991.00,-8.46,-3.01,-2.73,0.25,0.82,0.05,-37.46,-17.06,25.69,-1.00
12005.00,-8.46,-3.01,-2.73,0.25,0.82,0.05,-37.46,-17.06,25.69,-1.00
12017.00,-8.14,-3.58,-2.81,0.08,0.94,0.05,-37.46,-17.06,25.69,-1.00
12029.00,-8.88,-3.02,-2.51,-0.05,1.01,0.09,-37.46,-17.06,25.69,-1.00
12041.00,-8.88,-3.02,-2.51,-0.05,1.01,0.09,-37.46,-17.06,25.69,-1.00
12055.00,-9.73,-1.63,-2.10,-0.10,1.10,-0.03,-37.46,-17.06,25.69,-1.00
12067.00,-9.02,-0.72,-2.95,0.06,1.43,-0.37,-37.27,-17.60,26.53,-1.00
12079.00,-9.02,-0.72,-2.95,0.06,1.43,-0.37,-37.27,-17.60,26.53,-1.00
12093.00,-7.93,-2.54,-2.63,0.86,1.94,-0.60,-37.27,-17.60,26.53,-1.00
12105.00,-7.93,-2.54,-2.63,0.86,1.94,-0.60,-37.27,-17.60,26.53,-1.00
12117.00,-8.16,-6.07,-2.88,1.02,2.24,-0.48,-37.27,-17.60,26.53,-1.00
12129.00,-14.71,-4.95,-4.00,0.96,1.56,0.21,-37.27,-17.60,26.53,-1.00
12143.00,-14.71,-4.95,-4.00,0.96,1.56,0.21,-37.27,-17.60,26.53,-1.00
12155.00,-9.39,-3.46,-2.74,1.14,1.02,0.23,-37.27,-17.60,26.53,-1.00
12167.00,-9.33,-3.23,-1.14,0.90,0.77,0.24,-37.27,-17.60,26.53,-1.00
12181.00,-9.33,-3.23,-1.14,0.90,0.77,0.24,-37.27,-17.60,26.53,-1.00
12193.00,-9.63,-4.65,-0.81,0.24,0.75,0.27,-37.46,-15.98,24.34,-1.00
12205.00,-9.63,-4.65,-0.81,0.24,0.75,0.27,-37.46,-15.98,24.34,-1.00
12217.00,-9.12,-3.98,-2.45,-0.06,0.55,0.47,-37.46,-15.98,24.34,-1.00
12231.00,-9.50,-2.46,-2.12,-0.15,0.24,0.66,-37.46,-15.98,24.34,-1.00
12243.00,-9.50,-2.46,-2.12,-0.15,0.24,0.66,-37.46,-15.98,24.34,-1.00
12255.00,-9.35,-0.96,-3.41,-0.30,0.04,0.66,-37.46,-15.98,24.34,-1.00
12267.00,-9.40,-0.26,-2.61,-0.10,-0.05,0.46,-37.46,-15.98,24.34,-1.00
12281.00,-9.40,-0.26,-2.61,-0.10,-0.05,0.46,-37.46,-15.98,24.34,-1.00
12293.00,-9.24,-0.46,-1.97,0.38,0.20,0.14,-37.46,-15.98,24.34,-1.00
12305.00,-9.24,-0.46,-1.97,0.38,0.20,0.14,-37.46,-15.98,24.34,-1.00
12319.00,-9.39,-1.09,-2.47,0.66,0.68,-0.16,-36.53,-14.01,27.21,-1.00
12331.00,-9.19,-2.72,-1.96,0.93,0.99,-0.39,-36.53,-14.01,27.21,-1.00
12343.00,-9.19,-2.72,-1.96,0.93,0.99,-0.39,-36.53,-14.01,27.21,-1.00
12355.00,-8.55,-3.77,-0.03,0.90,1.25,-0.56,-36.53,-14.01,27.21,-1.00
12369.00,-9.61,-3.31,-1.80,0.27,1.67,-0.55,-36.53,-14.01,27.21,-1.00
12381.00,-9.61,-3.31,-1.80,0.27,1.67,-0.55,-36.53,-14.01,27.21,-1.00
12393.00,-8.73,-3.06,-3.31,0.05,1.89,-0.55,-36.53,-14.01,27.21,-1.00
12405.00,-8.73,-3.06,-3.31,0.05,1.89,-0.55,-36.53,-14.01,27.21,-1.00
12419.00,-8.32,-4.09,-2.94,0.36,1.86,-0.63,-36.53,-14.01,27.21,-1.00
12506.00,-10.02,-2.50,-3.96,0.76,1.41,-0.18,-35.97,-13.83,25.35,-1.00
12593.00,-9.23,-3.09,-2.58,1.04,0.99,0.00,-37.46,-15.62,24.00,-1.00
12607.00,-9.91,-3.30,-1.78,1.20,0.97,0.18,-37.46,-15.62,24.00,-1.00
12619.00,-9.91,-3.30,-1.78,1.20,0.97,0.18,-37.46,-15.62,24.00,-1.00
12631.00,-9.08,-3.98,-1.57,1.19,0.79,0.33,-37.46,-15.62,24.00,-1.00
12643.00,-9.08,-3.98,-1.57,1.19,0.79,0.33,-37.46,-15.62,24.00,-1.00
12657.00,-9.53,-3.48,0.17,0.64,0.46,0.26,-37.46,-15.62,24.00,-1.00
12669.00,-9.51,-1.70,-1.14,-0.16,0.34,0.21,-37.46,-15.62,24.00,-1.00
12681.00,-9.51,-1.70,-1.14,-0.16,0.34,0.21,-37.46,-15.62,24.00,-1.00
12693.00,-9.07,-2.27,-1.21,-0.39,0.37,-0.18,-38.76,-13.29,26.53,-1.00
12707.00,-9.16,-3.02,-2.15,-0.46,0.68,-0.39,-38.76,-13.29,26.53,-1.00
12719.00,-9.16,-3.02,-2.15,-0.46,0.68,-0.39,-38.76,-13.29,26.53,-1.00
12731.00,-9.00,-2.19,-2.94,-0.34,1.05,-0.36,-38.76,-13.29,26.53,-1.00
12745.00,-9.00,-2.19,-2.94,-0.34,1.05,-0.36,-38.76,-13.29,26.53,-1.00
12757.00,-8.66,-1.17,-3.99,0.12,1.32,-0.39,-38.76,-13.29,26.53,-1.00
12769.00,-8.88,-1.01,-3.85,0.95,1.52,-0.58,-38.76,-13.29,26.53,-1.00
12781.00,-8.88,-1.01,-3.85,0.95,1.52,-0.58,-38.76,-13.29,26.53,-1.00
12795.00,-8.98,-2.92,-3.56,1.60,1.71,-0.84,-38.76,-13.29,26.53,-1.00
12807.00,-8.75,-5.62,-2.49,1.81,1.58,-0.80,-38.76,-13.29,26.53,-1.00
12819.00,-8.75,-5.62,-2.49,1.81,1.58,-0.80,-38.76,-13.29,26.53,-1.00
12831.00,-8.46,-5.23,-2.06,1.09,1.38,-0.29,-36.90,-14.37,23.16,-1.00
12845.00,-8.46,-5.23,-2.06,1.09,1.38,-0.29,-36.90,-14.37,23.16,-1.00
12857.00,-9.38,-3.57,-1.93,0.47,1.35,0.17,-36.90,-14.37,23.16,-1.00
12869.00,-9.54,-2.10,-1.80,0.21,1.34,0.41,-36.90,-14.37,23.16,-1.00
12884.00,-9.54,-2.10,-1.80,0.21,1.34,0.41,-36.90,-14.37,23.16,-1.00
12896.00,-9.62,-2.10,-3.42,0.34,1.15,0.20,-36.90,-14.37,23.16,-1.00
12908.00,-9.16,-2.53,-2.76,0.73,0.78,-0.09,-36.90,-14.37,23.16,-1.00
12920.00,-9.16,-2.53,-2.76,0.73,0.78,-0.09,-36.90,-14.37,23.16,-1.00
12934.00,-9.05,-2.37,-2.25,0.80,0.75,-0.23,-36.90,-14.37,23.16,-1.00
12946.00,-8.64,-2.89,-2.70,0.88,0.98,-0.36,-38.01,-15.80,25.18,-1.00
12958.00,-8.64,-2.89,-2.70,0.88,0.98,-0.36,-38.01,-15.80,25.18,-1.00
12970.00,-9.02,-4.90,-2.30,0.62,1.22,-0.38,-38.01,-15.80,25.18,-1.00
12984.00,-9.02,-4.90,-2.30,0.62,1.22,-0.38,-38.01,-15.80,25.18,-1.00
12996.00,-8.46,-3.02,-2.92,0.13,1.16,-0.18,-38.01,-15.80,25.18,-1.00
13008.00,-9.17,-0.72,-2.67,0.19,0.95,-0.15,-38.01,-15.80,25.18,-1.00
13022.00,-9.17,-0.72,-2.67,0.19,0.95,-0.15,-38.01,-15.80,25.18,-1.00
13034.00,-8.61,0.50,-2.35,0.36,0.85,-0.60,-38.01,-15.80,25.18,-1.00
13046.00,-11.14,-1.17,-4.90,1.17,1.12,-1.35,-38.01,-15.80,25.18,-1.00
13058.00,-11.14,-1.17,-4.90,1.17,1.12,-1.35,-38.01,-15.80,25.18,-1.00
13072.00,-6.96,-6.89,-3.47,2.26,1.44,-1.77,-35.60,-18.14,23.67,-1.00
13084.00,-6.96,-6.89,-3.47,2.26,1.44,-1.77,-35.60,-18.14,23.67,-1.00
13096.00,-5.07,-9.31,-1.07,2.26,1.49,-1.05,-35.60,-18.14,23.67,-1.00
13108.00,-10.91,-7.36,-1.33,1.47,1.18,0.18,-35.60,-18.14,23.67,-1.00
13122.00,-10.91,-7.36,-1.33,1.47,1.18,0.18,-35.60,-18.14,23.67,-1.00
13134.00,-8.66,-5.64,-2.30,0.39,1.21,0.62,-35.60,-18.14,23.67,-1.00
13146.00,-9.19,-2.98,-2.22,0.03,1.04,0.88,-35.60,-18.14,23.67,-1.00
13160.00,-9.19,-2.98,-2.22,0.03,1.04,0.88,-35.60,-18.14,23.67,-1.00
13172.00,-9.42,-0.07,-2.67,0.03,0.82,0.75,-35.60,-18.14,23.67,-1.00
13184.00,-9.42,-0.07,-2.67,0.03,0.82,0.75,-35.60,-18.14,23.67,-1.00
13196.00,-9.84,1.04,-1.41,0.30,0.56,0.30,-35.60,-18.14,23.67,-1.00
13210.00,-10.01,0.74,-1.11,0.32,0.80,-0.48,-37.83,-13.11,25.35,-1.00
13222.00,-10.01,0.74,-1.11,0.32,0.80,-0.48,-37.83,-13.11,25.35,-1.00
13234.00,-12.89,-0.04,-2.35,0.59,1.09,-1.42,-37.83,-13.11,25.35,-1.00
13246.00,-16.23,-4.55,-2.54,1.24,0.93,-2.18,-37.83,-13.11,25.35,-1.00
13260.00,-16.23,-4.55,-2.54,1.24,0.93,-2.18,-37.83,-13.11,25.35,-1.00
13272.00,-12.72,-3.49,-2.41,1.49,0.68,-2.51,-37.83,-13.11,25.35,-1.00
13284.00,-12.72,-3.49,-2.41,1.49,0.68,-2.51,-37.83,-13.11,25.35,-1.00
13298.00,-5.80,-1.25,-2.72,2.06,0.53,-2.89,-37.83,-13.11,25.35,-1.00
13310.00,-1.96,-9.17,1.52,3.02,0.29,-2.45,-37.83,-13.11,25.35,-1.00
13322.00,-1.96,-9.17,1.52,3.02,0.29,-2.45,-37.83,-13.11,25.35,-1.00
13334.00,-3.32,-10.38,1.63,1.41,0.47,-1.85,-32.43,-23.69,31.60,-1.00
13348.00,-3.75,-10.99,0.90,-0.14,0.79,-1.07,-32.43,-23.69,31.60,-1.00
13360.00,-3.75,-10.99,0.90,-0.14,0.79,-1.07,-32.43,-23.69,31.60,-1.00
13372.00,-4.67,-8.61,-2.56,-1.33,0.79,-0.21,-32.43,-23.69,31.60,-1.00
13384.00,-4.67,-8.61,-2.56,-1.33,0.79,-0.21,-32.43,-23.69,31.60,-1.00
13398.00,-6.38,-6.91,-3.31,-0.90,0.56,0.43,-32.43,-23.69,31.60,-1.00
13410.00,-7.54,-6.69,-2.04,-0.22,0.40,0.78,-32.43,-23.69,31.60,-1.00
13422.00,-7.54,-6.69,-2.04,-0.22,0.40,0.78,-32.43,-23.69,31.60,-1.00
13436.00,-9.03,-5.70,-0.87,-0.22,0.29,0.96,-32.43,-23.69,31.60,-1.00
13448.00,-9.96,-3.56,-2.04,-0.47,0.44,0.85,-31.50,-22.44,27.38,-1.00
13460.00,-9.96,-3.56,-2.04,-0.47,0.44,0.85,-31.50,-22.44,27.38,-1.00
13472.00,-9.94,-1.85,-3.73,0.21,0.56,0.39,-31.50,-22.44,27.38,-1.00
13486.00,-9.45,-3.62,-2.64,1.16,0.55,-0.10,-31.50,-22.44,27.38,-1.00
13498.00,-9.45,-3.62,-2.64,1.16,0.55,-0.10,-31.50,-22.44,27.38,-1.00
13510.00,-8.21,-5.32,-0.07,1.48,0.63,-0.37,-31.50,-22.44,27.38,-1.00
13522.00,-8.21,-5.32,-0.07,1.48,0.63,-0.37,-31.50,-22.44,27.38,-1.00
13536.00,-8.09,-6.12,0.60,1.01,0.86,-0.30,-31.50,-22.44,27.38,-1.00
13548.00,-8.91,-6.25,0.53,-0.09,1.12,-0.25,-31.50,-22.44,27.38,-1.00
13560.00,-8.91,-6.25,0.53,-0.09,1.12,-0.25,-31.50,-22.44,27.38,-1.00
13574.00,-9.18,-4.04,-2.38,-1.31,1.14,-0.36,-31.50,-22.44,27.38,-1.00
13586.00,-8.61,-4.62,-3.91,-1.07,1.10,-0.31,-31.88,-22.80,28.73,-1.00
13598.00,-8.61,-4.62,-3.91,-1.07,1.10,-0.31,-31.88,-22.80,28.73,-1.00
13610.00,-8.27,-4.84,-2.66,-0.48,0.85,-0.18,-31.88,-22.80,28.73,-1.00
13624.00,-8.27,-4.84,-2.66,-0.48,0.85,-0.18,-31.88,-22.80,28.73,-1.00
13636.00,-7.90,-4.85,-2.33,0.32,0.76,-0.09,-31.88,-22.80,28.73,-1.00
13648.00,-7.93,-5.62,-1.93,1.07,0.84,0.02,-31.88,-22.80,28.73,-1.00
13660.00,-7.93,-5.62,-1.93,1.07,0.84,0.02,-31.88,-22.80,28.73,-1.00
13674.00,-9.25,-5.15,-1.09,1.41,0.99,0.09,-31.88,-22.80,28.73,-1.00
13686.00,-10.31,-5.15,-1.33,1.59,1.16,-0.05,-31.88,-22.80,28.73,-1.00
13698.00,-10.31,-5.15,-1.33,1.59,1.16,-0.05,-31.88,-22.80,28.73,-1.00
13712.00,-9.12,-5.05,-1.66,2.30,1.40,-0.20,-30.76,-21.00,28.39,-1.00
13724.00,-9.12,-5.05,-1.66,2.30,1.40,-0.20,-30.76,-21.00,28.39,-1.00
13736.00,-7.82,-5.87,-1.00,2.93,1.45,-0.17,-30.76,-21.00,28.39,-1.00
13748.00,-7.79,-4.94,-2.54,2.98,1.28,-0.10,-30.76,-21.00,28.39,-1.00
13762.00,-7.79,-4.94,-2.54,2.98,1.28,-0.10,-30.76,-21.00,28.39,-1.00
13774.00,-8.45,-4.04,-3.23,3.68,0.70,-0.18,-30.76,-21.00,28.39,-1.00
13786.00,-9.32,-4.94,-0.52,4.98,0.13,-0.40,-30.76,-21.00,28.39,-1.00
13798.00,-9.32,-4.94,-0.52,4.98,0.13,-0.40,-30.76,-21.00,28.39,-1.00
13812.00,-8.49,-5.73,2.60,5.32,-0.04,-0.40,-30.76,-21.00,28.39,-1.00
13824.00,-8.49,-5.73,2.60,5.32,-0.04,-0.40,-30.76,-21.00,28.39,-1.00
13836.00,-7.25,-5.74,3.46,4.17,0.19,-0.18,-31.69,-12.22,37.00,-1.00
13850.00,-6.47,-6.28,3.89,3.07,0.53,0.13,-31.69,-12.22,37.00,-1.00
13862.00,-6.47,-6.28,3.89,3.07,0.53,0.13,-31.69,-12.22,37.00,-1.00
13874.00,-7.42,-5.83,2.08,2.12,0.80,0.64,-31.69,-12.22,37.00,-1.00
13886.00,-9.03,-4.37,1.28,2.19,0.74,1.01,-31.69,-12.22,37.00,-1.00
13900.00,-9.03,-4.37,1.28,2.19,0.74,1.01,-31.69,-12.22,37.00,-1.00
13912.00,-9.56,-3.60,1.47,2.74,0.49,0.97,-31.69,-12.22,37.00,-1.00
13924.00,-9.56,-3.60,1.47,2.74,0.49,0.97,-31.69,-12.22,37.00,-1.00
13936.00,-8.79,-3.34,2.36,3.21,0.18,0.67,-31.69,-12.22,37.00,-1.00
13950.00,-8.25,-5.06,5.41,3.46,-0.17,0.54,-31.69,-12.22,37.00,-1.00
14037.00,-8.95,-2.35,4.16,0.12,0.50,0.84,-30.20,0.34,39.02,-1.00
14124.00,-7.76,-2.32,4.64,-1.19,0.38,0.23,-28.71,3.21,41.72,-1.00
14138.00,-7.98,-2.79,4.30,-1.47,0.48,0.05,-28.71,3.21,41.72,-1.00
14150.00,-5.68,-4.25,6.61,-2.59,0.75,-0.06,-28.71,3.21,41.72,-1.00
14162.00,-5.68,-4.25,6.61,-2.59,0.75,-0.06,-28.71,3.21,41.72,-1.00
14174.00,-9.45,-1.27,2.04,-4.98,0.80,-0.03,-28.71,3.21,41.72,-1.00
14188.00,-10.21,-1.34,4.36,-4.40,0.46,-0.45,-28.71,3.21,41.72,-1.00
14200.00,-10.21,-1.34,4.36,-4.40,0.46,-0.45,-28.71,3.21,41.72,-1.00
14212.00,-9.71,-4.96,7.55,-4.68,0.62,-1.16,-24.81,-11.68,42.90,-1.00
14224.00,-9.71,-4.96,7.55,-4.68,0.62,-1.16,-24.81,-11.68,42.90,-1.00
14238.00,-8.87,-6.51,9.64,-8.26,1.42,-1.53,-24.81,-11.68,42.90,-1.00
14250.00,-9.10,-4.26,3.56,-12.61,2.26,-0.90,-24.81,-11.68,42.90,-1.00
14262.00,-9.10,-4.26,3.56,-12.61,2.26,-0.90,-24.81,-11.68,42.90,-1.00
14274.00,-9.39,-2.81,-2.97,-10.19,2.58,0.14,-24.81,-11.68,42.90,-1.00
14288.00,-8.09,-3.77,-2.53,-7.01,2.29,0.47,-24.81,-11.68,42.90,-1.00
14300.00,-8.09,-3.77,-2.53,-7.01,2.29,0.47,-24.81,-11.68,42.90,-1.00
14312.00,-8.45,-1.66,-3.65,-6.20,1.85,0.04,-24.81,-11.68,42.90,-1.00
14326.00,-8.19,-3.94,-2.73,-4.99,1.74,-0.79,-24.81,-11.68,42.90,-1.00
14338.00,-8.19,-3.94,-2.73,-4.99,1.74,-0.79,-24.81,-11.68,42.90,-1.00
14350.00,-7.82,-4.60,-4.55,-5.03,1.87,-0.84,-24.44,-35.35,20.29,-1.00
14362.00,-7.82,-4.60,-4.55,-5.03,1.87,-0.84,-24.44,-35.35,20.29,-1.00
14376.00,-7.25,-3.68,-6.22,-4.89,1.96,-0.57,-24.44,-35.35,20.29,-1.00
14388.00,-7.53,-2.76,-7.12,-4.42,1.75,-0.46,-24.44,-35.35,20.29,-1.00
14400.00,-7.53,-2.76,-7.12,-4.42,1.75,-0.46,-24.44,-35.35,20.29,-1.00
14414.00,-7.40,-2.49,-6.33,-3.76,1.62,-0.65,-24.44,-35.35,20.29,-1.00
14426.00,-8.23,-2.64,-5.48,-3.85,1.67,-0.67,-24.44,-35.35,20.29,-1.00
14438.00,-8.23,-2.64,-5.48,-3.85,1.67,-0.67,-24.44,-35.35,20.29,-1.00
14450.00,-6.18,-1.18,-6.68,-3.54,1.86,-0.41,-24.44,-35.35,20.29,-1.00
14464.00,-6.18,-1.18,-6.68,-3.54,1.86,-0.41,-24.44,-35.35,20.29,-1.00
14476.00,-6.41,-1.02,-9.16,-2.64,1.61,-0.36,-20.72,-33.92,4.09,-1.00
14488.00,-5.99,-0.86,-7.06,-1.62,1.21,-0.51,-20.72,-33.92,4.09,-1.00
14500.00,-5.99,-0.86,-7.06,-1.62,1.21,-0.51,-20.72,-33.92,4.09,-1.00
14514.00,-7.28,-0.63,-6.49,-0.91,0.95,-0.58,-20.72,-33.92,4.09,-1.00
14526.00,-7.41,-1.48,-6.18,-0.39,0.99,-0.56,-20.72,-33.92,4.09,-1.00
14538.00,-7.41,-1.48,-6.18,-0.39,0.99,-0.56,-20.72,-33.92,4.09,-1.00
14552.00,-6.87,-2.45,-5.87,-0.49,1.12,-0.48,-20.72,-33.92,4.09,-1.00
14564.00,-6.87,-2.45,-5.87,-0.49,1.12,-0.48,-20.72,-33.92,4.09,-1.00
14576.00,-6.38,-0.84,-7.41,-1.07,1.19,-0.49,-20.72,-33.92,4.09,-1.00
14588.00,-7.10,0.75,-7.92,-0.77,1.00,-0.69,-20.72,-30.69,-1.65,-1.00
14602.00,-7.10,0.75,-7.92,-0.77,1.00,-0.69,-20.72,-30.69,-1.65,-1.00
14614.00,-7.12,-0.68,-6.93,-0.05,0.77,-1.01,-20.72,-30.69,-1.65,-1.00
14626.00,-6.84,-2.83,-6.13,-0.02,0.73,-1.03,-20.72,-30.69,-1.65,-1.00
14638.00,-6.84,-2.83,-6.13,-0.02,0.73,-1.03,-20.72,-30.69,-1.65,-1.00
14652.00,-6.84,-1.90,-6.75,-0.54,0.86,-0.74,-20.72,-30.69,-1.65,-1.00
14664.00,-6.84,-1.90,-6.75,-0.54,0.86,-0.74,-20.72,-30.69,-1.65,-1.00
14676.00,-7.18,-0.35,-6.43,-0.63,0.92,-0.61,-20.72,-30.69,-1.65,-1.00
14690.00,-6.86,-0.61,-5.81,-0.77,0.96,-0.71,-20.72,-30.69,-1.65,-1.00
14702.00,-6.86,-0.61,-5.81,-0.77,0.96,-0.71,-20.72,-30.69,-1.65,-1.00
14714.00,-6.64,-0.25,-7.03,-0.96,0.97,-0.74,-20.72,-30.69,-1.65,-1.00
14726.00,-7.50,-0.94,-5.81,-0.74,0.89,-0.82,-19.41,-28.00,-6.20,-1.00
14740.00,-7.50,-0.94,-5.81,-0.74,0.89,-0.82,-19.41,-28.00,-6.20,-1.00
14752.00,-8.38,-0.62,-5.45,-0.74,1.00,-0.73,-19.41,-28.00,-6.20,-1.00
14764.00,-8.38,-0.62,-5.45,-0.74,1.00,-0.73,-19.41,-28.00,-6.20,-1.00
14778.00,-8.00,-0.67,-5.87,-0.85,1.19,-0.56,-19.41,-28.00,-6.20,-1.00
14790.00,-6.91,-0.27,-6.57,-0.81,1.28,-0.42,-19.41,-28.00,-6.20,-1.00
14802.00,-6.91,-0.27,-6.57,-0.81,1.28,-0.42,-19.41,-28.00,-6.20,-1.00
14814.00,-6.85,0.48,-6.59,-0.65,1.20,-0.44,-19.41,-28.00,-6.20,-1.00
14828.00,-7.25,0.54,-6.77,-0.29,1.08,-0.55,-19.41,-28.00,-6.20,-1.00
14840.00,-7.25,0.54,-6.77,-0.29,1.08,-0.55,-19.41,-28.00,-6.20,-1.00
14852.00,-7.13,-0.68,-6.43,0.15,1.03,-0.64,-15.32,-26.21,-8.23,-1.00
14864.00,-7.13,-0.68,-6.43,0.15,1.03,-0.64,-15.32,-26.21,-8.23,-1.00
14878.00,-7.25,-0.70,-6.84,-0.06,1.08,-0.47,-15.32,-26.21,-8.23,-1.00
14890.00,-7.13,-0.03,-6.74,-0.24,1.13,-0.26,-15.32,-26.21,-8.23,-1.00
14902.00,-7.13,-0.03,-6.74,-0.24,1.13,-0.26,-15.32,-26.21,-8.23,-1.00
14916.00,-6.50,0.53,-7.13,-0.10,1.15,-0.25,-15.32,-26.21,-8.23,-1.00
14928.00,-6.67,0.49,-7.33,0.12,1.06,-0.31,-15.32,-26.21,-8.23,-1.00
14940.00,-6.67,0.49,-7.33,0.12,1.06,-0.31,-15.32,-26.21,-8.23,-1.00
14952.00,-7.48,0.25,-6.32,0.29,0.96,-0.36,-15.32,-26.21,-8.23,-1.00
14966.00,-8.13,-0.03,-6.09,0.32,1.06,-0.35,-17.93,-25.13,-9.24,-1.00
14978.00,-8.13,-0.03,-6.09,0.32,1.06,-0.35,-17.93,-25.13,-9.24,-1.00
14990.00,-7.31,0.40,-6.58,0.15,1.27,-0.29,-17.93,-25.13,-9.24,-1.00
15002.00,-7.31,0.40,-6.58,0.15,1.27,-0.29,-17.93,-25.13,-9.24,-1.00
15016.00,-6.13,1.05,-7.16,0.12,1.21,-0.28,-17.93,-25.13,-9.24,-1.00
15028.00,-5.73,-0.09,-7.08,0.47,0.99,-0.39,-17.93,-25.13,-9.24,-1.00
15040.00,-5.73,-0.09,-7.08,0.47,0.99,-0.39,-17.93,-25.13,-9.24,-1.00
15054.00,-6.57,-0.20,-6.96,0.47,0.83,-0.39,-17.93,-25.13,-9.24,-1.00
15066.00,-7.64,-0.11,-6.63,0.32,0.85,-0.37,-17.93,-25.13,-9.24,-1.00
15078.00,-7.64,-0.11,-6.63,0.32,0.85,-0.37,-17.93,-25.13,-9.24,-1.00
15090.00,-7.99,0.40,-6.66,0.26,1.03,-0.29,-17.93,-25.13,-9.24,-1.00
15104.00,-7.99,0.40,-6.66,0.26,1.03,-0.29,-17.93,-25.13,-9.24,-1.00
15116.00,-6.65,-0.48,-6.59,0.41,1.14,-0.22,-16.07,-26.21,-9.58,-1.00
15128.00,-6.50,0.25,-7.75,0.38,1.10,-0.14,-16.07,-26.21,-9.58,-1.00
15140.00,-6.50,0.25,-7.75,0.38,1.10,-0.14,-16.07,-26.21,-9.58,-1.00
15154.00,-7.31,-0.26,-7.04,0.40,0.97,-0.26,-16.07,-26.21,-9.58,-1.00
15166.00,-7.85,-0.02,-6.79,0.35,1.03,-0.34,-16.07,-26.21,-9.58,-1.00
15178.00,-7.85,-0.02,-6.79,0.35,1.03,-0.34,-16.07,-26.21,-9.58,-1.00
15192.00,-7.13,-0.10,-7.11,0.41,1.18,-0.33,-16.07,-26.21,-9.58,-1.00
15204.00,-7.13,-0.10,-7.11,0.41,1.18,-0.33,-16.07,-26.21,-9.58,-1.00
15216.00,-6.18,0.06,-7.26,0.45,1.12,-0.23,-16.07,-26.21,-9.58,-1.00
15228.00,-6.71,-0.17,-6.98,0.50,0.96,-0.20,-17.18,-24.77,-10.59,-1.00
15242.00,-6.71,-0.17,-6.98,0.50,0.96,-0.20,-17.18,-24.77,-10.59,-1.00
15254.00,-7.22,-0.39,-6.72,0.44,0.97,-0.27,-17.18,-24.77,-10.59,-1.00
15266.00,-7.32,-0.16,-6.80,0.30,1.07,-0.31,-17.18,-24.77,-10.59,-1.00
15278.00,-7.32,-0.16,-6.80,0.30,1.07,-0.31,-17.18,-24.77,-10.59,-1.00
15292.00,-7.01,-0.06,-6.95,0.28,1.12,-0.27,-17.18,-24.77,-10.59,-1.00
15304.00,-7.01,-0.06,-6.95,0.28,1.12,-0.27,-17.18,-24.77,-10.59,-1.00
15316.00,-7.09,0.00,-7.02,0.36,1.05,-0.16,-17.18,-24.77,-10.59,-1.00
15330.00,-6.75,-0.46,-7.19,0.44,0.98,-0.10,-17.18,-24.77,-10.59,-1.00
15342.00,-6.75,-0.46,-7.19,0.44,0.98,-0.10,-17.18,-24.77,-10.59,-1.00
15354.00,-6.85,-0.34,-6.97,0.45,0.98,-0.16,-15.88,-24.23,-10.76,-1.00
15366.00,-7.06,-0.20,-6.83,0.41,1.08,-0.25,-15.88,-24.23,-10.76,-1.00
15380.00,-7.06,-0.20,-6.83,0.41,1.08,-0.25,-15.88,-24.23,-10.76,-1.00
15392.00,-6.96,0.01,-7.06,0.32,1.16,-0.22,-15.88,-24.23,-10.76,-1.00
15404.00,-6.96,0.01,-7.06,0.32,1.16,-0.22,-15.88,-24.23,-10.76,-1.00
15416.00,-6.86,0.01,-6.83,0.33,1.05,-0.06,-15.88,-24.23,-10.76,-1.00
15430.00,-6.87,-0.12,-6.98,0.38,0.90,0.09,-15.88,-24.23,-10.76,-1.00
15442.00,-6.87,-0.12,-6.98,0.38,0.90,0.09,-15.88,-24.23,-10.76,-1.00
15454.00,-7.28,-0.22,-7.21,0.41,0.90,0.07,-15.88,-24.23,-10.76,-1.00
15468.00,-7.43,0.32,-7.24,0.42,1.02,-0.12,-15.88,-24.23,-10.76,-1.00
15480.00,-7.43,0.32,-7.24,0.42,1.02,-0.12,-15.88,-24.23,-10.76,-1.00
15492.00,-6.84,0.11,-6.90,0.51,1.17,-0.28,-15.69,-24.05,-10.93,-1.00
15504.00,-6.84,0.11,-6.90,0.51,1.17,-0.28,-15.69,-24.05,-10.93,-1.00
15518.00,-6.45,0.03,-7.10,0.55,1.18,-0.19,-15.69,-24.05,-10.93,-1.00
15530.00,-6.51,-0.06,-7.13,0.52,1.03,-0.03,-15.69,-24.05,-10.93,-1.00
15542.00,-6.51,-0.06,-7.13,0.52,1.03,-0.03,-15.69,-24.05,-10.93,-1.00
15556.00,-6.98,-0.19,-7.23,0.49,0.91,0.01,-15.69,-24.05,-10.93,-1.00
15568.00,-7.27,-0.23,-7.17,0.44,0.97,-0.09,-15.69,-24.05,-10.93,-1.00
15580.00,-7.27,-0.23,-7.17,0.44,0.97,-0.09,-15.69,-24.05,-10.93,-1.00
15592.00,-7.04,0.03,-7.21,0.39,1.10,-0.22,-15.69,-24.05,-10.93,-1.00
15606.00,-6.82,0.12,-7.10,0.39,1.12,-0.20,-15.88,-23.87,-11.09,-1.00
15618.00,-6.82,0.12,-7.10,0.39,1.12,-0.20,-15.88,-23.87,-11.09,-1.00
15630.00,-6.63,0.02,-7.22,0.44,1.04,-0.11,-15.88,-23.87,-11.09,-1.00
15642.00,-6.63,0.02,-7.22,0.44,1.04,-0.11,-15.88,-23.87,-11.09,-1.00
15656.00,-7.03,-0.06,-7.24,0.48,0.95,-0.08,-15.88,-23.87,-11.09,-1.00
15668.00,-7.35,-0.11,-7.03,0.45,0.97,-0.16,-15.88,-23.87,-11.09,-1.00
15680.00,-7.35,-0.11,-7.03,0.45,0.97,-0.16,-15.88,-23.87,-11.09,-1.00
15694.00,-7.03,-0.11,-7.23,0.41,1.10,-0.25,-15.88,-23.87,-11.09,-1.00
15706.00,-6.64,-0.03,-7.26,0.46,1.13,-0.22,-15.88,-23.87,-11.09,-1.00
15718.00,-6.64,-0.03,-7.26,0.46,1.13,-0.22,-15.88,-23.87,-11.09,-1.00
15730.00,-6.65,-0.11,-7.03,0.47,1.02,-0.13,-14.58,-24.41,-11.26,-1.00
15744.00,-6.65,-0.11,-7.03,0.47,1.02,-0.13,-14.58,-24.41,-11.26,-1.00
15756.00,-7.03,0.04,-7.08,0.50,0.92,-0.10,-14.58,-24.41,-11.26,-1.00
15768.00,-7.13,-0.22,-6.84,0.53,0.96,-0.17,-14.58,-24.41,-11.26,-1.00
15780.00,-7.13,-0.22,-6.84,0.53,0.96,-0.17,-14.58,-24.41,-11.26,-1.00
15794.00,-7.03,-0.12,-7.18,0.47,1.08,-0.23,-14.58,-24.41,-11.26,-1.00
15806.00,-6.73,-0.15,-7.51,0.42,1.13,-0.24,-14.58,-24.41,-11.26,-1.00
15818.00,-6.73,-0.15,-7.51,0.42,1.13,-0.24,-14.58,-24.41,-11.26,-1.00
15832.00,-6.70,0.02,-7.42,0.40,1.05,-0.12,-14.58,-24.41,-11.26,-1.00
15844.00,-6.70,0.02,-7.42,0.40,1.05,-0.12,-14.58,-24.41,-11.26,-1.00
15856.00,-6.80,-0.03,-7.32,0.43,0.98,-0.04,-14.58,-24.41,-11.26,-1.00
15868.00,-6.96,-0.14,-7.40,0.43,0.97,-0.08,-17.55,-24.05,-11.26,-1.00
15882.00,-6.96,-0.14,-7.40,0.43,0.97,-0.08,-17.55,-24.05,-11.26,-1.00
15894.00,-7.23,-0.19,-7.15,0.42,1.00,-0.16,-17.55,-24.05,-11.26,-1.00
15906.00,-7.16,-0.10,-7.03,0.42,1.05,-0.19,-17.55,-24.05,-11.26,-1.00
15920.00,-7.16,-0.10,-7.03,0.42,1.05,-0.19,-17.55,-24.05,-11.26,-1.00
15932.00,-6.80,0.22,-7.23,0.43,1.05,-0.16,-17.55,-24.05,-11.26,-1.00
15944.00,-6.80,0.22,-7.23,0.43,1.05,-0.16,-17.55,-24.05,-11.26,-1.00
15956.00,-6.73,0.04,-7.13,0.52,1.00,-0.10,-17.55,-24.05,-11.26,-1.00
15970.00,-6.71,-0.04,-7.02,0.55,0.98,-0.10,-17.55,-24.05,-11.26,-1.00
15982.00,-6.71,-0.04,-7.02,0.55,0.98,-0.10,-17.55,-24.05,-11.26,-1.00
15994.00,-6.70,0.29,-7.02,0.60,1.06,-0.20,-14.95,-25.49,-10.93,-1.00
16006.00,-6.51,0.10,-6.85,0.67,1.11,-0.30,-14.95,-25.49,-10.93,-1.00
16020.00,-6.51,0.10,-6.85,0.67,1.11,-0.30,-14.95,-25.49,-10.93,-1.00
16032.00,-6.75,0.36,-6.75,0.68,1.07,-0.20,-14.95,-25.49,-10.93,-1.00
16044.00,-6.75,0.36,-6.75,0.68,1.07,-0.20,-14.95,-25.49,-10.93,-1.00
16058.00,-6.54,-0.57,-6.62,0.54,0.93,-0.00,-14.95,-25.49,-10.93,-1.00
16070.00,-7.12,-0.19,-7.12,0.28,0.86,0.18,-14.95,-25.49,-10.93,-1.00
16082.00,-7.12,-0.19,-7.12,0.28,0.86,0.18,-14.95,-25.49,-10.93,-1.00
16094.00,-6.87,-0.17,-7.54,0.14,0.95,0.01,-14.95,-25.49,-10.93,-1.00
16108.00,-6.88,-0.06,-7.48,0.09,1.05,-0.16,-15.88,-24.23,-12.11,-1.00
16120.00,-6.88,-0.06,-7.48,0.09,1.05,-0.16,-15.88,-24.23,-12.11,-1.00
16132.00,-7.57,0.02,-7.36,0.11,1.10,-0.16,-15.88,-24.23,-12.11,-1.00
16144.00,-7.57,0.02,-7.36,0.11,1.10,-0.16,-15.88,-24.23,-12.11,-1.00
16158.00,-7.74,0.09,-7.33,0.19,1.10,-0.14,-15.88,-24.23,-12.11,-1.00
16170.00,-7.85,0.16,-7.36,0.30,1.09,-0.13,-15.88,-24.23,-12.11,-1.00
16182.00,-7.85,0.16,-7.36,0.30,1.09,-0.13,-15.88,-24.23,-12.11,-1.00
16196.00,-7.54,-0.46,-7.20,0.41,1.08,-0.14,-15.88,-24.23,-12.11,-1.00
16283.00,-6.66,0.68,-6.63,0.78,1.08,-0.34,-16.62,-24.95,-11.43,-1.00
16370.00,-7.78,-0.11,-8.00,0.02,0.91,0.01,-15.32,-24.05,-9.91,-1.00
16457.00,-6.79,1.41,-6.56,0.72,0.98,-0.19,-15.32,-24.05,-9.91,-1.00
16471.00,-6.49,0.12,-6.28,0.82,0.89,-0.29,-15.32,-24.05,-9.91,-1.00
16483.00,-6.49,0.12,-6.28,0.82,0.89,-0.29,-15.32,-24.05,-9.91,-1.00
16495.00,-6.24,-0.55,-6.80,0.68,0.97,-0.31,-14.76,-25.31,-11.09,-1.00
16507.00,-6.13,-0.87,-6.88,0.52,1.04,-0.19,-14.76,-25.31,-11.09,-1.00
16521.00,-6.13,-0.87,-6.88,0.52,1.04,-0.19,-14.76,-25.31,-11.09,-1.00
16533.00,-6.34,-0.18,-7.43,0.36,1.03,-0.01,-14.76,-25.31,-11.09,-1.00
16545.00,-6.34,-0.18,-7.43,0.36,1.03,-0.01,-14.76,-25.31,-11.09,-1.00
16559.00,-6.92,0.24,-7.72,0.30,0.93,0.04,-14.76,-25.31,-11.09,-1.00
16571.00,-7.36,0.36,-7.41,0.43,0.90,-0.04,-14.76,-25.31,-11.09,-1.00
16583.00,-7.36,0.36,-7.41,0.43,0.90,-0.04,-14.76,-25.31,-11.09,-1.00
16595.00,-7.38,0.20,-7.09,0.52,1.00,-0.16,-14.76,-25.31,-11.09,-1.00
16609.00,-7.00,0.03,-6.98,0.47,1.05,-0.20,-16.44,-25.49,-10.25,-1.00
16621.00,-7.00,0.03,-6.98,0.47,1.05,-0.20,-16.44,-25.49,-10.25,-1.00
16633.00,-6.83,-0.16,-7.07,0.40,1.02,-0.16,-16.44,-25.49,-10.25,-1.00
16645.00,-6.83,-0.16,-7.07,0.40,1.02,-0.16,-16.44,-25.49,-10.25,-1.00
16659.00,-6.79,-0.07,-7.13,0.36,0.96,-0.08,-16.44,-25.49,-10.25,-1.00
16671.00,-6.64,0.06,-7.06,0.33,0.91,-0.03,-16.44,-25.49,-10.25,-1.00
16683.00,-6.64,0.06,-7.06,0.33,0.91,-0.03,-16.44,-25.49,-10.25,-1.00
16697.00,-6.99,0.23,-6.99,0.35,0.91,-0.03,-16.44,-25.49,-10.25,-1.00
16709.00,-7.21,0.37,-6.91,0.42,0.95,-0.09,-16.44,-25.49,-10.25,-1.00
16721.00,-7.21,0.37,-6.91,0.42,0.95,-0.09,-16.44,-25.49,-10.25,-1.00
16733.00,-7.11,0.24,-6.89,0.48,1.00,-0.16,-16.44,-25.49,-10.25,-1.00
16747.00,-7.02,0.18,-7.13,0.50,1.02,-0.16,-16.25,-22.80,-10.42,-1.00
16759.00,-7.02,0.18,-7.13,0.50,1.02,-0.16,-16.25,-22.80,-10.42,-1.00
16771.00,-6.74,0.02,-7.26,0.47,1.00,-0.13,-16.25,-22.80,-10.42,-1.00
16785.00,-6.74,0.02,-7.26,0.47,1.00,-0.13,-16.25,-22.80,-10.42,-1.00
16797.00,-6.71,0.05,-7.39,0.44,0.98,-0.12,-16.25,-22.80,-10.42,-1.00
16809.00,-7.24,0.15,-7.09,0.45,1.00,-0.15,-16.25,-22.80,-10.42,-1.00
16821.00,-7.24,0.15,-7.09,0.45,1.00,-0.15,-16.25,-22.80,-10.42,-1.00
16835.00,-7.25,0.23,-6.99,0.43,1.04,-0.17,-16.25,-22.80,-10.42,-1.00
16847.00,-7.05,0.19,-7.03,0.43,1.04,-0.15,-16.25,-22.80,-10.42,-1.00
16859.00,-7.05,0.19,-7.03,0.43,1.04,-0.15,-16.25,-22.80,-10.42,-1.00
16871.00,-6.92,0.14,-6.98,0.46,0.99,-0.13,-16.25,-23.87,-10.08,-1.00
16885.00,-6.92,0.14,-6.98,0.46,0.99,-0.13,-16.25,-23.87,-10.08,-1.00
16897.00,-6.81,0.06,-7.00,0.47,0.97,-0.14,-16.25,-23.87,-10.08,-1.00
16909.00,-6.97,-0.01,-7.07,0.46,0.99,-0.15,-16.25,-23.87,-10.08,-1.00
16923.00,-6.97,-0.01,-7.07,0.46,0.99,-0.15,-16.25,-23.87,-10.08,-1.00
16935.00,-7.10,0.10,-7.05,0.43,1.03,-0.15,-16.25,-23.87,-10.08,-1.00
16947.00,-7.09,0.28,-7.11,0.45,1.06,-0.14,-16.25,-23.87,-10.08,-1.00
16959.00,-7.09,0.28,-7.11,0.45,1.06,-0.14,-16.25,-23.87,-10.08,-1.00
16973.00,-6.97,0.26,-7.08,0.47,1.02,-0.13,-16.25,-23.87,-10.08,-1.00
16985.00,-6.97,0.26,-7.08,0.47,1.02,-0.13,-16.25,-23.87,-10.08,-1.00
16997.00,-7.02,0.17,-7.15,0.49,0.98,-0.11,-17.00,-23.87,-10.42,-1.00
17009.00,-6.85,0.07,-7.29,0.49,0.99,-0.14,-17.00,-23.87,-10.42,-1.00
17023.00,-6.85,0.07,-7.29,0.49,0.99,-0.14,-17.00,-23.87,-10.42,-1.00
17035.00,-6.96,0.10,-7.11,0.48,1.02,-0.19,-17.00,-23.87,-10.42,-1.00
17047.00,-6.99,0.16,-6.89,0.47,1.05,-0.18,-17.00,-23.87,-10.42,-1.00
17061.00,-6.99,0.16,-6.89,0.47,1.05,-0.18,-17.00,-23.87,-10.42,-1.00
17073.00,-6.99,0.21,-6.81,0.45,1.03,-0.15,-17.00,-23.87,-10.42,-1.00
17085.00,-6.99,0.21,-6.81,0.45,1.03,-0.15,-17.00,-23.87,-10.42,-1.00
17097.00,-7.07,0.26,-6.97,0.43,1.01,-0.13,-17.00,-23.87,-10.42,-1.00
17111.00,-6.85,0.18,-7.11,0.46,1.00,-0.11,-17.00,-23.87,-10.42,-1.00
17123.00,-6.85,0.18,-7.11,0.46,1.00,-0.11,-17.00,-23.87,-10.42,-1.00
17135.00,-6.88,0.10,-7.19,0.49,0.98,-0.11,-15.69,-24.77,-11.26,-1.00
17147.00,-7.14,0.12,-7.20,0.51,1.00,-0.16,-15.69,-24.77,-11.26,-1.00
17161.00,-7.14,0.12,-7.20,0.51,1.00,-0.16,-15.69,-24.77,-11.26,-1.00
17173.00,-7.03,0.11,-7.12,0.50,1.04,-0.21,-15.69,-24.77,-11.26,-1.00
17185.00,-7.03,0.11,-7.12,0.50,1.04,-0.21,-15.69,-24.77,-11.26,-1.00
17199.00,-6.97,0.20,-6.96,0.49,1.05,-0.18,-15.69,-24.77,-11.26,-1.00
17211.00,-6.78,0.14,-7.05,0.46,1.02,-0.14,-15.69,-24.77,-11.26,-1.00
17223.00,-6.78,0.14,-7.05,0.46,1.02,-0.14,-15.69,-24.77,-11.26,-1.00
17235.00,-7.03,0.14,-6.84,0.43,0.96,-0.13,-15.69,-24.77,-11.26,-1.00
17249.00,-7.08,0.10,-7.00,0.42,0.97,-0.13,-16.44,-22.98,-9.91,-1.00
17261.00,-7.08,0.10,-7.00,0.42,0.97,-0.13,-16.44,-22.98,-9.91,-1.00
17273.00,-7.04,0.08,-7.20,0.42,1.01,-0.14,-16.44,-22.98,-9.91,-1.00
17285.00,-7.04,0.08,-7.20,0.42,1.01,-0.14,-16.44,-22.98,-9.91,-1.00
17299.00,-6.99,0.15,-7.21,0.44,1.05,-0.18,-16.44,-22.98,-9.91,-1.00
17311.00,-6.86,0.14,-7.16,0.47,1.05,-0.19,-16.44,-22.98,-9.91,-1.00
17323.00,-6.86,0.14,-7.16,0.47,1.05,-0.19,-16.44,-22.98,-9.91,-1.00
17337.00,-7.04,0.17,-6.98,0.47,1.00,-0.16,-16.44,-22.98,-9.91,-1.00
17349.00,-7.04,0.08,-6.95,0.46,0.99,-0.14,-16.44,-22.98,-9.91,-1.00
17361.00,-7.04,0.08,-6.95,0.46,0.99,-0.14,-16.44,-22.98,-9.91,-1.00
17373.00,-7.13,0.07,-7.11,0.42,0.99,-0.14,-16.81,-24.05,-9.58,-1.00
17387.00,-7.03,0.00,-7.22,0.42,1.02,-0.17,-16.81,-24.05,-9.58,-1.00
17399.00,-7.03,0.00,-7.22,0.42,1.02,-0.17,-16.81,-24.05,-9.58,-1.00
17411.00,-6.87,0.07,-7.27,0.45,1.04,-0.18,-16.81,-24.05,-9.58,-1.00
17423.00,-6.87,0.07,-7.27,0.45,1.04,-0.18,-16.81,-24.05,-9.58,-1.00
17437.00,-6.83,0.04,-7.19,0.47,1.02,-0.15,-16.81,-24.05,-9.58,-1.00
17449.00,-6.95,0.30,-7.00,0.49,0.98,-0.13,-16.81,-24.05,-9.58,-1.00
17461.00,-6.95,0.30,-7.00,0.49,0.98,-0.13,-16.81,-24.05,-9.58,-1.00
17473.00,-7.09,0.82,-7.05,0.61,1.00,-0.20,-16.81,-24.05,-9.58,-1.00
17487.00,-6.78,1.03,-6.86,0.83,1.08,-0.45,-16.81,-24.05,-9.58,-1.00
17499.00,-6.78,1.03,-6.86,0.83,1.08,-0.45,-16.81,-24.05,-9.58,-1.00
17511.00,-5.98,-0.72,-7.00,0.87,1.10,-0.68,-16.25,-25.67,-10.42,-1.00
17525.00,-5.98,-0.72,-7.00,0.87,1.10,-0.68,-16.25,-25.67,-10.42,-1.00
17537.00,-6.72,-0.85,-7.14,0.63,0.95,-0.55,-16.25,-25.67,-10.42,-1.00
17549.00,-7.70,-0.55,-6.56,0.42,0.83,-0.23,-16.25,-25.67,-10.42,-1.00
17561.00,-7.70,-0.55,-6.56,0.42,0.83,-0.23,-16.25,-25.67,-10.42,-1.00
17575.00,-7.76,-0.37,-7.09,0.28,0.88,0.01,-16.25,-25.67,-10.42,-1.00
17587.00,-7.68,-0.42,-7.23,0.20,0.94,0.11,-16.25,-25.67,-10.42,-1.00
17599.00,-7.68,-0.42,-7.23,0.20,0.94,0.11,-16.25,-25.67,-10.42,-1.00
17613.00,-7.57,-0.85,-7.22,0.22,1.12,0.07,-16.25,-25.67,-10.42,-1.00
17625.00,-7.57,-0.85,-7.22,0.22,1.12,0.07,-16.25,-25.67,-10.42,-1.00
17637.00,-7.17,0.44,-7.55,0.24,1.21,0.10,-16.44,-25.49,-9.24,-1.00
17649.00,-6.63,1.32,-6.52,0.57,1.19,-0.04,-16.44,-25.49,-9.24,-1.00
17663.00,-6.63,1.32,-6.52,0.57,1.19,-0.04,-16.44,-25.49,-9.24,-1.00
17675.00,-6.23,0.45,-6.34,0.85,1.23,-0.25,-16.44,-25.49,-9.24,-1.00
17687.00,-6.51,-0.72,-7.10,0.67,1.11,-0.26,-16.44,-25.49,-9.24,-1.00
17699.00,-6.51,-0.72,-7.10,0.67,1.11,-0.26,-16.44,-25.49,-9.24,-1.00
17713.00,-6.95,-0.96,-7.20,0.30,0.94,-0.11,-16.44,-25.49,-9.24,-1.00
17725.00,-6.95,-0.96,-7.20,0.30,0.94,-0.11,-16.44,-25.49,-9.24,-1.00
17737.00,-7.00,-0.67,-7.61,0.13,0.91,0.10,-16.44,-25.49,-9.24,-1.00
17751.00,-7.32,0.08,-7.62,0.12,0.92,0.26,-14.76,-22.44,-10.42,-1.00
17763.00,-7.32,0.08,-7.62,0.12,0.92,0.26,-14.76,-22.44,-10.42,-1.00
17775.00,-7.63,-0.00,-7.48,0.21,0.93,0.23,-14.76,-22.44,-10.42,-1.00
17787.00,-7.53,1.05,-7.45,0.28,0.94,0.11,-14.76,-22.44,-10.42,-1.00
17801.00,-7.53,1.05,-7.45,0.28,0.94,0.11,-14.76,-22.44,-10.42,-1.00
17813.00,-6.28,0.87,-6.23,0.62,1.04,-0.33,-14.76,-22.44,-10.42,-1.00
17825.00,-6.28,0.87,-6.23,0.62,1.04,-0.33,-14.76,-22.44,-10.42,-1.00
17837.00,-6.56,0.46,-6.09,0.78,1.17,-0.49,-14.76,-22.44,-10.42,-1.00
17851.00,-6.57,-0.25,-6.24,0.81,1.23,-0.40,-14.76,-22.44,-10.42,-1.00
17863.00,-6.57,-0.25,-6.24,0.81,1.23,-0.40,-14.76,-22.44,-10.42,-1.00
17875.00,-6.48,-0.58,-7.23,0.62,1.16,-0.21,-14.76,-22.44,-10.42,-1.00
17889.00,-7.02,-0.43,-7.02,0.34,0.94,-0.08,-15.51,-25.31,-8.39,-1.00
17901.00,-7.02,-0.43,-7.02,0.34,0.94,-0.08,-15.51,-25.31,-8.39,-1.00
17913.00,-7.42,-0.20,-7.79,0.22,0.87,0.00,-15.51,-25.31,-8.39,-1.00
17925.00,-7.42,-0.20,-7.79,0.22,0.87,0.00,-15.51,-25.31,-8.39,-1.00
17939.00,-7.61,0.27,-7.69,0.25,0.87,0.00,-15.51,-25.31,-8.39,-1.00
17951.00,-7.76,0.22,-7.42,0.30,0.90,-0.10,-15.51,-25.31,-8.39,-1.00
17963.00,-7.76,0.22,-7.42,0.30,0.90,-0.10,-15.51,-25.31,-8.39,-1.00
17975.00,-5.91,0.44,-7.16,0.41,1.03,-0.22,-15.51,-25.31,-8.39,-1.00
17989.00,-6.56,1.17,-6.45,0.71,1.15,-0.38,-15.51,-25.31,-8.39,-1.00
18001.00,-6.56,1.17,-6.45,0.71,1.15,-0.38,-15.51,-25.31,-8.39,-1.00
18013.00,-7.06,-0.16,-5.72,0.87,1.28,-0.45,-14.39,-26.38,-7.72,-1.00
18025.00,-7.06,-0.16,-5.72,0.87,1.28,-0.45,-14.39,-26.38,-7.72,-1.00
18039.00,-6.74,-0.74,-6.89,0.66,1.29,-0.13,-14.39,-26.38,-7.72,-1.00
