time,ax,ay,az,gx,gy,gz,mx,my,mz
402,-0.32,6.48,-7.99,0.00,0.00,-0.00,0.41,33.15,-10.72
412,-0.32,6.48,-7.99,0.00,0.00,-0.00,0.41,33.15,-10.72
423,-0.32,6.46,-8.02,0.00,0.00,-0.00,0.41,33.15,-10.72
434,-0.32,6.46,-8.02,0.00,0.00,-0.00,0.41,33.15,-10.72
445,-0.32,6.46,-7.99,0.00,0.00,-0.00,0.41,33.15,-10.72
456,-0.32,6.46,-7.99,0.00,0.00,-0.00,0.41,33.15,-10.72
467,-0.32,6.47,-8.00,0.01,0.00,-0.00,0.41,33.15,-10.72
478,-0.32,6.47,-8.00,0.01,0.00,-0.00,0.41,33.15,-10.72
489,-0.34,6.45,-8.00,0.00,0.00,-0.00,0.41,33.15,-10.72
500,-0.34,6.45,-8.00,0.00,0.00,-0.00,0.41,33.15,-10.72
511,-0.33,6.46,-8.02,-0.01,0.00,-0.00,0.83,33.83,-9.48
522,-0.32,6.48,-8.00,-0.01,0.00,-0.00,0.83,33.83,-9.48
533,-0.32,6.48,-8.00,-0.01,0.00,-0.00,0.83,33.83,-9.48
544,-0.32,6.47,-7.98,-0.00,0.00,-0.00,0.83,33.83,-9.48
555,-0.32,6.47,-7.98,-0.00,0.00,-0.00,0.83,33.83,-9.48
566,-0.34,6.47,-7.99,-0.01,0.00,-0.00,0.83,33.83,-9.48
577,-0.34,6.47,-7.99,-0.01,0.00,-0.00,0.83,33.83,-9.48
588,-0.33,6.48,-8.02,-0.01,0.00,-0.00,0.83,33.83,-9.48
599,-0.33,6.48,-8.02,-0.01,0.00,-0.00,0.83,33.83,-9.48
610,-0.32,6.47,-8.00,-0.01,0.01,-0.00,0.83,33.83,-9.48
625,-0.32,6.47,-8.00,-0.01,0.01,-0.00,0.83,33.83,-9.48
632,-0.32,6.46,-8.01,-0.02,0.01,-0.01,2.30,32.98,-9.64
643,-0.34,6.53,-8.01,-0.01,0.01,-0.01,2.30,32.98,-9.64
654,-0.34,6.53,-8.01,-0.01,0.01,-0.01,2.30,32.98,-9.64
665,-0.31,6.46,-8.03,-0.00,0.01,-0.00,2.30,32.98,-9.64
676,-0.31,6.46,-8.03,-0.00,0.01,-0.00,2.30,32.98,-9.64
687,-0.31,6.47,-8.00,-0.01,0.01,-0.00,2.30,32.98,-9.64
699,-0.31,6.47,-8.00,-0.01,0.01,-0.00,2.30,32.98,-9.64
709,-0.34,6.48,-8.01,-0.01,0.01,-0.00,2.30,32.98,-9.64
720,-0.34,6.48,-8.01,-0.01,0.01,-0.00,2.30,32.98,-9.64
731,-0.32,6.51,-7.97,-0.03,0.00,-0.00,2.30,32.98,-9.64
742,-0.32,6.47,-8.00,-0.02,0.00,-0.00,2.30,33.32,-9.02
753,-0.32,6.47,-8.00,-0.02,0.00,-0.00,2.30,33.32,-9.02
764,-0.31,6.47,-7.99,-0.02,-0.00,-0.00,2.30,33.32,-9.02
775,-0.31,6.47,-7.99,-0.02,-0.00,-0.00,2.30,33.32,-9.02
786,-0.31,6.47,-7.96,-0.02,-0.00,-0.01,2.30,33.32,-9.02
797,-0.31,6.47,-7.96,-0.02,-0.00,-0.01,2.30,33.32,-9.02
808,-0.33,6.51,-7.96,-0.01,-0.00,-0.00,2.30,33.32,-9.02
819,-0.33,6.51,-7.96,-0.01,-0.00,-0.00,2.30,33.32,-9.02
830,-0.32,6.49,-8.00,0.01,0.00,-0.00,2.30,33.32,-9.02
841,-0.32,6.49,-8.00,0.01,0.00,-0.00,2.30,33.32,-9.02
852,-0.33,6.48,-7.99,0.02,0.00,-0.00,2.30,33.32,-9.02
863,-0.33,6.47,-8.01,0.03,0.00,-0.00,2.30,33.32,-9.02
874,-0.33,6.47,-8.01,0.03,0.00,-0.00,2.30,33.32,-9.02
885,-0.31,6.47,-8.02,0.01,0.00,0.00,3.56,33.66,-10.57
896,-0.31,6.47,-8.02,0.01,0.00,0.00,3.56,33.66,-10.57
907,-0.32,6.48,-8.02,0.01,0.00,-0.00,3.56,33.66,-10.57
918,-0.32,6.48,-8.02,0.01,0.00,-0.00,3.56,33.66,-10.57
929,-0.33,6.46,-8.02,0.01,0.00,-0.00,3.56,33.66,-10.57
940,-0.33,6.46,-8.02,0.01,0.00,-0.00,3.56,33.66,-10.57
951,-0.31,6.46,-8.04,0.00,0.00,-0.00,3.56,33.66,-10.57
962,-0.31,6.46,-8.02,-0.03,0.00,-0.01,3.56,33.66,-10.57
977,-0.31,6.46,-8.02,-0.03,0.00,-0.01,3.56,33.66,-10.57
984,-0.31,6.49,-8.01,-0.06,0.00,-0.01,3.56,33.66,-10.57
995,-0.31,6.49,-8.01,-0.06,0.00,-0.01,3.56,33.66,-10.57
1006,-0.32,6.51,-7.96,-0.04,0.00,-0.01,2.93,34.51,-9.79
1017,-0.32,6.51,-7.96,-0.04,0.00,-0.01,2.93,34.51,-9.79
1028,-0.33,6.51,-7.95,0.02,0.00,0.00,2.93,34.51,-9.79
1039,-0.33,6.51,-7.95,0.02,0.00,0.00,2.93,34.51,-9.79
1050,-0.31,6.45,-8.00,0.05,0.01,0.01,2.93,34.51,-9.79
1061,-0.31,6.45,-8.00,0.05,0.01,0.01,2.93,34.51,-9.79
1072,-0.40,6.79,-7.85,0.04,0.01,0.00,2.93,34.51,-9.79
1083,-0.39,6.48,-7.99,-0.04,0.02,-0.01,2.93,34.51,-9.79
1094,-0.39,6.48,-7.99,-0.04,0.02,-0.01,2.93,34.51,-9.79
1105,-0.22,6.50,-8.00,-0.12,-0.00,-0.00,2.93,34.51,-9.79
1116,-0.22,6.50,-8.00,-0.12,-0.00,-0.00,2.93,34.51,-9.79
1127,-0.21,6.42,-8.07,-0.10,0.01,-0.01,1.04,34.00,-10.88
1138,-0.21,6.42,-8.07,-0.10,0.01,-0.01,1.04,34.00,-10.88
1150,-0.28,6.55,-7.98,-0.08,0.01,-0.00,1.04,34.00,-10.88
1160,-0.28,6.55,-7.98,-0.08,0.01,-0.00,1.04,34.00,-10.88
1171,-0.24,6.43,-8.02,-0.13,0.03,-0.03,1.04,34.00,-10.88
1182,-0.38,6.47,-7.96,-0.07,-0.09,0.14,1.04,34.00,-10.88
1193,-0.38,6.47,-7.96,-0.07,-0.09,0.14,1.04,34.00,-10.88
1204,-0.33,6.46,-8.01,-0.04,-0.16,0.22,1.04,34.00,-10.88
1215,-0.33,6.46,-8.01,-0.04,-0.16,0.22,1.04,34.00,-10.88
1226,-0.26,6.52,-7.86,-0.03,-0.02,0.03,1.04,34.00,-10.88
1237,-0.26,6.52,-7.86,-0.03,-0.02,0.03,1.04,34.00,-10.88
1248,-0.30,6.51,-7.93,-0.01,-0.00,0.00,2.51,33.15,-9.17
1259,-0.30,6.51,-7.93,-0.01,-0.00,0.00,2.51,33.15,-9.17
1270,-0.30,6.58,-7.93,-0.01,-0.00,0.00,2.51,33.15,-9.17
1281,-0.30,6.58,-7.93,-0.01,-0.00,0.00,2.51,33.15,-9.17
1292,-0.29,6.55,-7.91,-0.01,-0.02,0.03,2.51,33.15,-9.17
1303,-0.29,6.55,-7.87,-0.01,-0.02,0.02,2.51,33.15,-9.17
1314,-0.29,6.55,-7.87,-0.01,-0.02,0.02,2.51,33.15,-9.17
1325,-0.28,6.56,-7.92,-0.01,-0.03,0.03,2.51,33.15,-9.17
1336,-0.28,6.56,-7.92,-0.01,-0.03,0.03,2.51,33.15,-9.17
1347,-0.27,6.55,-7.95,-0.02,-0.03,0.03,2.51,33.15,-9.17
1358,-0.27,6.55,-7.95,-0.02,-0.03,0.03,2.51,33.15,-9.17
1369,-0.30,6.54,-7.93,-0.03,-0.01,0.01,2.51,33.15,-9.17
1380,-0.30,6.54,-7.93,-0.03,-0.01,0.01,2.51,33.15,-9.17
1391,-0.29,6.57,-7.92,-0.04,-0.00,-0.00,2.51,34.51,-8.55
1402,-0.31,6.58,-7.93,-0.04,-0.00,-0.00,2.51,34.51,-8.55
1413,-0.31,6.58,-7.93,-0.04,-0.00,-0.00,2.51,34.51,-8.55
1424,-0.30,6.55,-7.92,-0.04,-0.00,0.00,2.51,34.51,-8.55
1435,-0.30,6.55,-7.92,-0.04,-0.00,0.00,2.51,34.51,-8.55
1446,-0.28,6.58,-7.89,-0.05,-0.02,0.02,2.51,34.51,-8.55
1457,-0.28,6.58,-7.89,-0.05,-0.02,0.02,2.51,34.51,-8.55
1469,-0.35,6.61,-7.88,-0.04,-0.01,0.00,2.51,34.51,-8.55
1479,-0.35,6.61,-7.88,-0.04,-0.01,0.00,2.51,34.51,-8.55
1490,-0.25,6.60,-7.87,-0.03,-0.01,0.01,2.51,34.51,-8.55
1501,-0.25,6.60,-7.87,-0.03,-0.01,0.01,2.51,34.51,-8.55
1512,-0.24,6.58,-7.85,-0.01,-0.01,0.01,0.41,34.17,-8.24
1523,-0.49,6.61,-7.85,-0.01,-0.00,-0.00,0.41,34.17,-8.24
1534,-0.49,6.61,-7.85,-0.01,-0.00,-0.00,0.41,34.17,-8.24
1545,-0.32,6.61,-7.81,0.02,-0.02,0.02,0.41,34.17,-8.24
1556,-0.32,6.61,-7.81,0.02,-0.02,0.02,0.41,34.17,-8.24
1567,-0.23,6.57,-7.88,0.01,-0.05,0.04,0.41,34.17,-8.24
1578,-0.23,6.57,-7.88,0.01,-0.05,0.04,0.41,34.17,-8.24
1589,-0.27,6.54,-7.92,-0.00,-0.05,0.05,0.41,34.17,-8.24
1600,-0.27,6.54,-7.92,-0.00,-0.05,0.05,0.41,34.17,-8.24
1611,-0.26,6.53,-7.93,-0.01,-0.03,0.03,0.41,34.17,-8.24
1622,-0.29,6.59,-7.86,-0.03,-0.00,-0.00,2.51,35.19,-8.24
1633,-0.29,6.59,-7.86,-0.03,-0.00,-0.00,2.51,35.19,-9.17
1644,-0.32,6.61,-7.87,-0.06,0.00,-0.00,2.51,35.19,-9.17
1655,-0.32,6.61,-7.87,-0.06,0.00,-0.00,2.51,35.19,-9.17
1666,-0.29,6.63,-7.82,-0.04,0.01,-0.00,2.51,35.19,-9.17
1677,-0.29,6.63,-7.82,-0.04,0.01,-0.00,2.51,35.19,-9.17
1688,-0.29,6.59,-7.83,-0.03,0.00,-0.00,2.51,35.19,-9.17
1699,-0.29,6.59,-7.83,-0.03,0.00,-0.00,2.51,35.19,-9.17
1710,-0.30,6.61,-7.85,-0.03,0.00,-0.01,2.51,35.19,-9.17
1721,-0.30,6.61,-7.85,-0.03,0.00,-0.01,2.51,35.19,-9.17
1732,-0.30,6.61,-7.87,-0.04,-0.00,-0.01,2.51,35.19,-9.17
1743,-0.30,6.60,-7.83,-0.07,-0.01,-0.01,2.51,35.19,-9.17
1754,-0.30,6.60,-7.83,-0.07,-0.01,-0.01,2.51,35.19,-9.17
1765,-0.31,6.68,-7.88,-0.05,-0.01,-0.01,2.72,33.66,-7.16
1776,-0.31,6.68,-7.88,-0.05,-0.01,-0.01,2.72,33.66,-7.16
1788,-0.31,6.62,-7.81,-0.04,-0.01,-0.01,2.72,33.66,-7.16
1798,-0.31,6.62,-7.81,-0.04,-0.01,-0.01,2.72,33.66,-7.16
1809,-0.32,6.62,-7.82,-0.03,-0.00,-0.01,2.72,33.66,-7.16
1820,-0.32,6.62,-7.82,-0.03,-0.00,-0.01,2.72,33.66,-7.16
1831,-0.31,6.64,-7.82,-0.01,0.00,-0.00,2.72,33.66,-7.16
1842,-0.31,6.64,-7.82,-0.01,0.00,-0.00,2.72,33.66,-7.16
1853,-0.32,6.65,-7.81,0.00,0.00,-0.00,2.72,33.66,-7.16
1864,-0.31,6.62,-7.82,0.02,0.01,0.00,2.72,33.66,-7.16
1875,-0.31,6.62,-7.82,0.02,0.01,0.00,2.72,33.66,-7.16
1886,-0.31,6.64,-7.85,0.01,0.01,0.00,1.88,33.66,-8.71
1897,-0.31,6.64,-7.85,0.01,0.01,0.00,1.88,33.66,-8.71
1908,-0.31,6.63,-7.84,0.01,0.01,-0.00,1.88,33.66,-8.71
1919,-0.31,6.63,-7.84,0.01,0.01,-0.00,1.88,33.66,-8.71
1930,-0.32,6.63,-7.86,0.00,0.00,-0.00,1.88,33.66,-8.71
1941,-0.32,6.63,-7.86,0.00,0.00,-0.00,1.88,33.66,-8.71
1952,-0.31,6.63,-7.82,-0.00,0.00,-0.00,1.88,33.66,-8.71
1963,-0.33,6.64,-7.85,-0.00,0.00,-0.00,1.88,33.66,-8.71
1974,-0.33,6.64,-7.85,-0.00,0.00,-0.00,1.88,33.66,-8.71
1985,-0.31,6.63,-7.82,-0.00,0.00,-0.00,1.88,33.66,-8.71
1996,-0.31,6.63,-7.82,-0.00,0.00,-0.00,1.88,33.66,-8.71
2007,-0.31,6.64,-7.86,-0.00,0.00,-0.00,3.35,32.47,-8.55
2018,-0.31,6.64,-7.86,-0.00,0.00,-0.00,3.35,32.47,-8.55
2029,-0.30,6.63,-7.83,-0.00,0.00,-0.00,3.35,32.47,-8.55
2040,-0.30,6.63,-7.83,-0.00,0.00,-0.00,3.35,32.47,-8.55
2051,-0.32,6.63,-7.84,-0.00,0.00,-0.00,3.35,32.47,-8.55
2063,-0.32,6.64,-7.82,-0.00,0.00,-0.00,3.35,32.47,-8.55
2073,-0.32,6.64,-7.82,-0.00,0.00,-0.00,3.35,32.47,-8.55
2084,-0.32,6.63,-7.82,-0.00,0.00,-0.00,3.35,32.47,-8.55
2095,-0.32,6.63,-7.82,-0.00,0.00,-0.00,3.35,32.47,-8.55
2106,-0.31,6.62,-7.83,-0.00,0.00,-0.00,3.35,32.47,-8.55
2117,-0.31,6.62,-7.83,-0.00,0.00,-0.00,3.35,32.47,-8.55
2128,-0.32,6.64,-7.85,-0.00,0.00,-0.00,3.35,32.47,-8.55
2139,-0.32,6.64,-7.85,-0.00,0.00,-0.00,3.35,32.47,-8.55
2150,-0.30,6.64,-7.83,-0.01,0.00,-0.00,2.72,34.00,-8.09
2161,-0.30,6.64,-7.83,-0.01,0.00,-0.00,2.72,34.00,-8.09
2172,-0.31,6.64,-7.83,-0.01,0.00,-0.00,2.72,34.00,-8.09
2183,-0.32,6.65,-7.84,-0.01,0.00,-0.00,2.72,34.00,-8.09
2194,-0.32,6.65,-7.84,-0.01,0.00,-0.00,2.72,34.00,-8.09
2205,-0.32,6.63,-7.84,-0.01,0.00,-0.00,2.72,34.00,-8.09
2216,-0.32,6.63,-7.84,-0.01,0.00,-0.00,2.72,34.00,-8.09
2227,-0.29,6.63,-7.84,-0.01,0.00,-0.00,2.72,34.00,-8.09
2238,-0.29,6.63,-7.84,-0.01,0.00,-0.00,2.72,34.00,-8.09
2249,-0.31,6.64,-7.86,-0.01,0.00,-0.00,2.72,34.00,-8.09
2260,-0.31,6.64,-7.86,-0.01,0.00,-0.00,2.72,34.00,-8.09
2271,-0.30,6.63,-7.85,-0.01,0.00,-0.00,3.14,31.97,-9.64
2282,-0.30,6.63,-7.85,-0.01,0.00,-0.00,3.14,31.97,-9.64
2293,-0.31,6.64,-7.82,-0.01,0.00,-0.00,3.14,31.97,-9.64
2304,-0.31,6.65,-7.81,-0.01,0.00,-0.00,3.14,31.97,-9.64
2315,-0.31,6.65,-7.81,-0.01,0.00,-0.00,3.14,31.97,-9.64
2326,-0.31,6.63,-7.82,-0.00,0.00,-0.00,3.14,31.97,-9.64
2337,-0.31,6.63,-7.82,-0.00,0.00,-0.00,3.14,31.97,-9.64
2348,-0.31,6.65,-7.86,-0.01,0.00,-0.00,3.14,31.97,-9.64
2359,-0.31,6.65,-7.86,-0.01,0.00,-0.00,3.14,31.97,-9.64
2370,-0.31,6.65,-7.81,-0.01,0.00,-0.00,3.14,31.97,-9.64
2381,-0.31,6.65,-7.81,-0.01,0.00,-0.00,3.14,31.97,-9.64
2392,-0.30,6.63,-7.85,-0.01,0.00,-0.00,2.51,32.81,-9.48
2403,-0.31,6.64,-7.85,-0.01,0.00,-0.00,2.51,32.81,-9.48
2414,-0.31,6.64,-7.85,-0.01,0.00,-0.00,2.51,32.81,-9.48
2425,-0.31,6.65,-7.82,-0.01,0.00,-0.00,2.51,32.81,-9.48
2436,-0.31,6.65,-7.82,-0.01,0.00,-0.00,2.51,32.81,-9.48
2447,-0.30,6.65,-7.83,-0.01,0.00,-0.00,2.51,32.81,-9.48
2458,-0.30,6.65,-7.83,-0.01,0.00,-0.00,2.51,32.81,-9.48
2469,-0.32,6.65,-7.83,-0.01,0.00,-0.00,2.51,32.81,-9.48
2480,-0.32,6.65,-7.83,-0.01,0.00,-0.00,2.51,32.81,-9.48
2491,-0.32,6.65,-7.84,-0.00,0.00,-0.00,2.51,32.81,-9.48
2502,-0.32,6.65,-7.84,-0.00,0.00,-0.00,2.51,32.81,-9.48
2513,-0.31,6.64,-7.82,-0.00,0.00,-0.00,2.51,32.81,-9.48
2524,-0.31,6.64,-7.86,-0.00,0.00,-0.00,3.14,34.00,-9.64
2535,-0.31,6.64,-7.86,-0.00,0.00,-0.00,3.14,34.00,-9.64
2546,-0.32,6.64,-7.84,-0.00,0.00,-0.00,3.14,34.00,-9.64
2557,-0.32,6.64,-7.84,-0.00,0.00,-0.00,3.14,34.00,-9.64
2568,-0.31,6.65,-7.83,-0.00,0.00,-0.00,3.14,34.00,-9.64
2580,-0.31,6.65,-7.83,-0.00,0.00,-0.00,3.14,34.00,-9.64
2590,-0.31,6.65,-7.81,-0.01,0.00,-0.00,3.14,34.00,-9.64
2601,-0.31,6.65,-7.81,-0.01,0.00,-0.00,3.14,34.00,-9.64
2612,-0.31,6.65,-7.82,-0.01,0.00,-0.00,3.14,34.00,-9.64
2623,-0.30,6.64,-7.83,-0.01,0.00,-0.00,3.14,34.00,-9.64
2634,-0.30,6.64,-7.83,-0.01,0.00,-0.00,3.14,34.00,-9.64
2645,-0.32,6.65,-7.85,-0.01,0.00,-0.00,3.76,34.51,-7.93
2656,-0.32,6.65,-7.85,-0.01,0.00,-0.00,3.76,34.51,-7.93
2667,-0.31,6.65,-7.84,-0.01,0.00,-0.00,3.76,34.51,-7.93
2678,-0.31,6.65,-7.84,-0.01,0.00,-0.00,3.76,34.51,-7.93
2689,-0.30,6.65,-7.82,-0.01,0.00,-0.00,3.76,34.51,-7.93
2700,-0.30,6.65,-7.82,-0.01,0.00,-0.00,3.76,34.51,-7.93
2711,-0.31,6.65,-7.81,-0.01,0.00,-0.00,3.76,34.51,-7.93
2722,-0.31,6.65,-7.81,-0.01,0.00,-0.00,3.76,34.51,-7.93
2733,-0.31,6.65,-7.80,-0.00,0.00,-0.00,3.76,34.51,-7.93
2744,-0.31,6.65,-7.82,-0.00,0.00,-0.00,3.76,34.51,-7.93
2755,-0.31,6.65,-7.82,-0.00,0.00,-0.00,3.76,34.51,-7.93
2766,-0.30,6.64,-7.84,-0.01,0.00,-0.00,1.67,34.17,-8.55
2777,-0.30,6.64,-7.84,-0.01,0.00,-0.00,1.67,34.17,-8.55
2788,-0.31,6.64,-7.83,-0.01,0.00,-0.00,1.67,34.17,-8.55
2799,-0.31,6.64,-7.83,-0.01,0.00,-0.00,1.67,34.17,-8.55
2810,-0.31,6.64,-7.82,-0.01,0.00,-0.00,1.67,34.17,-8.55
2821,-0.31,6.64,-7.82,-0.01,0.00,-0.00,1.67,34.17,-8.55
2832,-0.32,6.65,-7.81,-0.00,0.00,-0.00,1.67,34.17,-8.55
2843,-0.31,6.64,-7.80,-0.00,0.00,-0.00,1.67,34.17,-8.55
2855,-0.31,6.64,-7.80,-0.00,0.00,-0.00,1.67,34.17,-8.55
2865,-0.30,6.66,-7.83,-0.01,0.00,-0.00,1.67,34.17,-8.55
2876,-0.30,6.66,-7.83,-0.01,0.00,-0.00,1.67,34.17,-8.55
2887,-0.31,6.65,-7.83,-0.00,0.00,-0.00,1.25,34.17,-9.79
2898,-0.31,6.65,-7.83,-0.00,0.00,-0.00,1.25,34.17,-9.79
2909,-0.29,6.65,-7.83,-0.00,0.00,-0.00,1.25,34.17,-9.79
2920,-0.29,6.65,-7.83,-0.00,0.00,-0.00,1.25,34.17,-9.79
2931,-0.31,6.65,-7.84,-0.01,0.00,-0.00,1.25,34.17,-9.79
2942,-0.31,6.65,-7.84,-0.01,0.00,-0.00,1.25,34.17,-9.79
2953,-0.32,6.65,-7.84,-0.00,0.00,-0.00,1.25,34.17,-9.79
2964,-0.30,6.65,-7.83,-0.00,0.00,-0.00,1.25,34.17,-9.79
2975,-0.30,6.65,-7.83,-0.00,0.00,-0.00,1.25,34.17,-9.79
2986,-0.32,6.67,-7.83,-0.00,0.00,-0.00,1.25,34.17,-9.79
2997,-0.32,6.67,-7.83,-0.00,0.00,-0.00,1.25,34.17,-9.79
3008,-0.31,6.65,-7.82,-0.01,0.00,-0.00,1.25,34.17,-9.79
3019,-0.31,6.65,-7.82,-0.01,0.00,-0.00,1.25,34.17,-9.79
3030,-0.30,6.65,-7.82,-0.00,0.00,-0.00,2.09,33.15,-8.24
3041,-0.30,6.65,-7.82,-0.00,0.00,-0.00,2.09,33.15,-8.24
3052,-0.33,6.64,-7.83,-0.00,0.00,-0.00,2.09,33.15,-8.24
3063,-0.33,6.64,-7.83,-0.00,0.00,-0.00,2.09,33.15,-8.24
3074,-0.32,6.65,-7.82,-0.00,0.00,-0.00,2.09,33.15,-8.24
3085,-0.02,5.86,-7.52,0.29,0.04,-0.05,2.09,33.15,-8.24
3096,-0.02,5.86,-7.52,0.29,0.04,-0.05,2.09,33.15,-8.24
3107,-0.56,6.33,-7.72,-0.09,0.03,-0.02,2.09,33.15,-8.24
3118,-0.56,6.33,-7.72,-0.09,0.03,-0.02,2.09,33.15,-8.24
3129,-0.89,6.50,-7.93,-0.04,0.19,-0.21,2.09,33.15,-8.24
3140,-0.89,6.50,-7.93,-0.04,0.19,-0.21,2.09,33.15,-8.24
3151,-0.93,6.56,-7.95,-0.02,0.53,-0.60,1.67,33.83,-8.55
3162,-0.93,6.56,-7.95,-0.02,0.53,-0.60,1.67,33.83,-8.55
3174,-0.86,6.63,-7.89,-0.05,0.93,-1.04,1.67,33.83,-8.55
3184,0.41,6.64,-7.71,-0.14,0.68,-0.75,1.67,33.83,-8.55
3195,0.41,6.64,-7.71,-0.14,0.68,-0.75,1.67,33.83,-8.55
3206,-0.74,6.32,-8.10,-0.76,0.16,-0.21,1.67,33.83,-8.55
3217,-0.74,6.32,-8.10,-0.76,0.16,-0.21,1.67,33.83,-8.55
3228,-2.28,8.21,-5.40,-3.87,-0.40,-0.33,1.67,33.83,-8.55
3239,-2.28,8.21,-5.40,-3.87,-0.40,-0.33,1.67,33.83,-8.55
3250,-4.75,10.24,2.50,-10.52,-0.69,-1.13,1.67,33.83,-8.55
3261,-4.75,10.24,2.50,-10.52,-0.69,-1.13,1.67,33.83,-8.55
3272,-0.71,13.70,1.80,-17.48,0.30,-1.75,-2.31,30.95,12.99
3283,-0.71,13.70,1.80,-17.48,0.30,-1.75,-2.31,30.95,12.99
3294,1.91,14.59,-3.35,-14.92,1.47,-0.04,-2.31,30.95,12.99
3305,-0.50,12.98,4.30,-5.96,1.95,1.95,-2.31,30.95,12.99
3316,-0.50,12.98,4.30,-5.96,1.95,1.95,-2.31,30.95,12.99
3327,-0.09,15.88,7.29,-5.39,2.10,2.26,-2.31,30.95,12.99
3338,-0.09,15.88,7.29,-5.39,2.10,2.26,-2.31,30.95,12.99
3349,-1.19,17.13,8.63,-6.46,2.08,1.52,-2.31,30.95,12.99
3360,-1.19,17.13,8.63,-6.46,2.08,1.52,-2.31,30.95,12.99
3371,-1.46,14.57,8.81,-7.63,2.99,-0.12,-2.31,30.95,12.99
3382,-1.46,14.57,8.81,-7.63,2.99,-0.12,-2.31,30.95,12.99
3393,0.26,10.86,7.92,-8.27,4.73,-1.31,-2.31,30.95,12.99
3404,1.91,9.55,5.10,-7.92,5.91,-1.50,-14.45,2.76,30.97
3415,1.91,9.55,5.10,-7.92,5.91,-1.50,-14.45,2.76,30.97
3426,-1.38,8.04,5.70,-5.35,5.24,-1.36,-14.45,2.76,30.97
3437,-1.38,8.04,5.70,-5.35,5.24,-1.36,-14.45,2.76,30.97
3448,-2.42,7.55,4.84,-4.25,4.11,-1.42,-14.45,2.76,30.97
3459,-2.42,7.55,4.84,-4.25,4.11,-1.42,-14.45,2.76,30.97
3470,-4.12,14.54,2.77,-3.28,3.79,-2.86,-14.45,2.76,30.97
3481,-4.12,14.54,2.77,-3.28,3.79,-2.86,-14.45,2.76,30.97
3492,-3.92,13.30,4.68,1.27,3.86,-6.04,-14.45,2.76,30.97
3503,-3.92,13.30,4.68,1.27,3.86,-6.04,-14.45,2.76,30.97
3514,1.71,9.24,8.72,3.00,3.26,-8.45,-14.45,2.76,30.97
3525,0.36,9.27,7.06,1.24,3.11,-9.63,-24.50,-13.88,26.01
3536,0.36,9.27,7.06,1.24,3.11,-9.63,-24.50,-13.88,26.01
3547,2.43,10.19,3.23,1.23,3.15,-10.78,-24.50,-13.88,26.01
3558,2.43,10.19,3.23,1.23,3.15,-10.78,-24.50,-13.88,26.01
3569,5.81,9.03,2.33,2.94,2.95,-11.91,-24.50,-13.88,26.01
3580,5.81,9.03,2.33,2.94,2.95,-11.91,-24.50,-13.88,26.01
3591,8.16,5.59,2.38,3.95,1.84,-13.21,-24.50,-13.88,26.01
3602,8.16,5.59,2.38,3.95,1.84,-13.21,-24.50,-13.88,26.01
3613,8.68,-13.00,10.65,3.64,1.00,-14.01,-24.50,-13.88,26.01
3624,6.80,-19.19,8.04,5.79,1.99,-11.32,-24.50,-13.88,26.01
3635,6.80,-19.19,8.04,5.79,1.99,-11.32,-24.50,-13.88,26.01
3646,5.24,-36.43,7.81,4.74,1.97,-7.35,-3.77,-12.36,30.81
3657,5.24,-36.43,7.81,4.74,1.97,-7.35,-3.77,-12.36,30.81
3668,-3.13,-10.38,2.06,-2.10,1.02,-0.77,-3.77,-12.36,30.81
3679,-3.13,-10.38,2.06,-2.10,1.02,-0.77,-3.77,-12.36,30.81
3690,-5.52,1.37,-0.95,-0.80,-0.24,0.94,-3.77,-12.36,30.81
3701,-5.52,1.37,-0.95,-0.80,-0.24,0.94,-3.77,-12.36,30.81
3712,-3.89,-4.61,5.42,2.75,-1.39,-0.29,-3.77,-12.36,30.81
3723,-3.89,-4.61,5.42,2.75,-1.39,-0.29,-3.77,-12.36,30.81
3734,-2.82,-7.81,10.12,3.21,-1.50,-0.77,-3.77,-12.36,30.81
3745,-5.94,-8.29,13.36,3.20,-0.76,-0.03,-3.77,-12.36,30.81
3756,-5.94,-8.29,13.36,3.20,-0.76,-0.03,-3.77,-12.36,30.81
3767,-3.72,-5.75,10.42,-0.41,-0.01,0.18,-3.77,-12.36,30.81
3783,-3.72,-5.75,10.42,-0.41,-0.01,0.18,-3.77,-12.36,30.81
3789,-3.36,-6.46,8.79,-1.96,0.61,-0.13,-1.47,-8.11,32.83
3800,-3.36,-6.46,8.79,-1.96,0.61,-0.13,-1.47,-8.11,32.83
3811,-1.66,-7.35,6.42,-2.58,0.90,-0.18,-1.47,-8.11,32.83
3822,-1.66,-7.35,6.42,-2.58,0.90,-0.18,-1.47,-8.11,32.83
3834,-0.97,-7.55,4.35,-2.01,0.98,0.21,-1.47,-8.11,32.83
3844,-2.32,-9.63,4.81,-1.43,0.78,1.08,-1.47,-8.11,32.83
3855,-2.32,-9.63,4.81,-1.43,0.78,1.08,-1.47,-8.11,32.83
3866,-6.36,-6.81,4.59,-1.62,0.80,2.36,-1.47,-8.11,32.83
3877,-6.36,-6.81,4.59,-1.62,0.80,2.36,-1.47,-8.11,32.83
3888,-7.58,-4.62,0.75,-0.17,1.07,2.97,-1.47,-8.11,32.83
3899,-7.58,-4.62,0.75,-0.17,1.07,2.97,-1.47,-8.11,32.83
3910,-6.53,-4.30,1.17,1.34,0.42,3.21,-8.38,-13.71,30.81
3921,-6.53,-4.30,1.17,1.34,0.42,3.21,-8.38,-13.71,30.81
3932,-3.13,-4.38,2.39,0.24,-0.72,3.13,-8.38,-13.71,30.81
3943,-3.13,-4.38,2.39,0.24,-0.72,3.13,-8.38,-13.71,30.81
3954,-1.76,-5.07,5.95,2.55,-0.91,3.42,-8.38,-13.71,30.81
3965,-6.25,-2.36,6.82,4.33,-0.65,4.27,-8.38,-13.71,30.81
3976,-6.25,-2.36,6.82,4.33,-0.65,4.27,-8.38,-13.71,30.81
3987,-3.37,-0.41,7.48,5.52,-0.27,4.76,-8.38,-13.71,30.81
3998,-3.37,-0.41,7.48,5.52,-0.27,4.76,-8.38,-13.71,30.81
4009,-4.23,2.47,5.55,5.56,-0.15,4.64,-8.38,-13.71,30.81
4020,-4.23,2.47,5.55,5.56,-0.15,4.64,-8.38,-13.71,30.81
4031,-6.83,6.05,8.46,5.70,-0.03,4.31,-9.01,4.80,34.07
4042,-6.83,6.05,8.46,5.70,-0.03,4.31,-9.01,4.80,34.07
4053,-11.61,7.87,14.13,5.29,0.86,3.34,-9.01,4.80,34.07
4064,-7.39,7.10,4.04,1.43,2.01,1.31,-9.01,4.80,34.07
4075,-7.39,7.10,4.04,1.43,2.01,1.31,-9.01,4.80,34.07
4086,-7.97,3.45,3.62,0.73,1.78,0.35,-9.01,4.80,34.07
4097,-7.97,3.45,3.62,0.73,1.78,0.35,-9.01,4.80,34.07
4108,-8.23,2.92,3.02,0.30,1.19,0.31,-9.01,4.80,34.07
4119,-8.23,2.92,3.02,0.30,1.19,0.31,-9.01,4.80,34.07
4130,-7.61,3.38,5.20,1.98,0.92,0.73,-9.01,4.80,34.07
4141,-7.61,3.38,5.20,1.98,0.92,0.73,-9.01,4.80,34.07
4152,-6.25,4.66,5.52,2.38,1.04,0.90,-14.87,14.64,30.35
4163,-6.25,4.66,5.52,2.38,1.04,0.90,-14.87,14.64,30.35
4174,-6.36,5.15,4.69,2.02,1.28,0.61,-14.87,14.64,30.35
4185,-6.53,4.54,4.40,2.40,1.40,0.28,-14.87,14.64,30.35
4196,-6.53,4.54,4.40,2.40,1.40,0.28,-14.87,14.64,30.35
4207,-8.95,5.17,3.23,2.02,0.99,0.31,-14.87,14.64,30.35
4218,-8.95,5.17,3.23,2.02,0.99,0.31,-14.87,14.64,30.35
4229,-9.87,9.28,6.81,0.94,-0.16,0.92,-14.87,14.64,30.35
4240,-9.87,9.28,6.81,0.94,-0.16,0.92,-14.87,14.64,30.35
4251,-6.22,8.90,4.57,-0.68,-0.35,0.08,-14.87,14.64,30.35
4262,-6.22,8.90,4.57,-0.68,-0.35,0.08,-14.87,14.64,30.35
4273,-4.79,3.37,4.81,-0.40,-0.00,-1.13,-14.87,14.64,30.35
4284,-4.79,3.37,4.81,-0.40,-0.00,-1.13,-14.87,14.64,30.35
4295,-6.30,1.81,5.41,0.43,0.54,-1.06,-16.75,19.91,27.71
4306,-10.58,6.88,5.49,0.65,0.95,-0.31,-16.75,19.91,27.71
4317,-10.58,6.88,5.49,0.65,0.95,-0.31,-16.75,19.91,27.71
4328,-8.90,5.97,1.47,-0.11,1.08,-0.40,-16.75,19.91,27.71
4339,-8.90,5.97,1.47,-0.11,1.08,-0.40,-16.75,19.91,27.71
4350,-7.87,2.43,-0.20,-0.32,0.72,-0.66,-16.75,19.91,27.71
4361,-7.87,2.43,-0.20,-0.32,0.72,-0.66,-16.75,19.91,27.71
4372,-9.29,2.95,1.72,0.34,0.08,-0.44,-16.75,19.91,27.71
4383,-9.29,2.95,1.72,0.34,0.08,-0.44,-16.75,19.91,27.71
4394,-9.03,4.62,4.21,1.42,-0.12,-0.25,-16.75,19.91,27.71
4405,-7.62,4.80,4.91,1.27,0.09,-0.20,-19.89,21.44,24.77
4416,-7.62,4.80,4.91,1.27,0.09,-0.20,-19.89,21.44,24.77
4427,-8.06,4.40,3.92,0.27,0.35,-0.19,-19.89,21.44,24.77
4438,-8.06,4.40,3.92,0.27,0.35,-0.19,-19.89,21.44,24.77
4449,-8.50,4.58,2.65,0.07,0.50,-0.21,-19.89,21.44,24.77
4460,-8.50,4.58,2.65,0.07,0.50,-0.21,-19.89,21.44,24.77
4476,-7.99,4.92,2.31,0.43,0.41,-0.34,-19.89,21.44,24.77
4482,-7.99,4.92,2.31,0.43,0.41,-0.34,-19.89,21.44,24.77
4493,-8.08,5.44,4.45,1.04,0.41,-0.55,-19.89,21.44,24.77
4504,-8.08,5.44,4.45,1.04,0.41,-0.55,-19.89,21.44,24.77
4515,-8.48,6.01,4.52,0.79,0.75,-0.77,-19.89,21.44,24.77
4526,-9.69,2.79,0.50,0.65,0.87,-0.90,-23.04,22.63,23.06
4537,-9.69,2.79,0.50,0.65,0.87,-0.90,-23.04,22.63,23.06
4548,-8.74,0.65,1.10,0.44,0.47,-0.72,-23.04,22.63,23.06
4559,-8.74,0.65,1.10,0.44,0.47,-0.72,-23.04,22.63,23.06
4575,-8.86,1.66,0.52,0.44,0.20,-0.22,-23.04,22.63,23.06
4581,-8.86,1.66,0.52,0.44,0.20,-0.22,-23.04,22.63,23.06
4592,-8.80,4.07,1.13,0.34,-0.09,0.13,-23.04,22.63,23.06
4603,-8.80,4.07,1.13,0.34,-0.09,0.13,-23.04,22.63,23.06
4614,-8.72,4.90,2.62,0.05,-0.33,0.08,-23.04,22.63,23.06
4625,-9.18,4.64,3.18,-0.05,-0.25,-0.07,-23.04,22.63,23.06
4636,-9.18,4.64,3.18,-0.05,-0.25,-0.07,-23.04,22.63,23.06
4647,-8.74,3.95,2.24,0.01,-0.06,-0.18,-23.04,22.63,23.06
4658,-8.74,3.95,2.24,0.01,-0.06,-0.18,-23.04,22.63,23.06
4669,-8.65,2.56,2.40,0.09,-0.03,-0.17,-24.50,21.44,22.29
4680,-8.65,2.56,2.40,0.09,-0.03,-0.17,-24.50,21.44,22.29
4691,-8.63,2.79,1.61,-0.18,-0.13,0.00,-24.50,21.44,22.29
4702,-8.63,2.79,1.61,-0.18,-0.13,0.00,-24.50,21.44,22.29
4713,-8.93,3.65,2.17,-0.50,-0.37,0.11,-24.50,21.44,22.29
4724,-8.93,3.65,2.17,-0.50,-0.37,0.11,-24.50,21.44,22.29
4735,-8.73,4.29,2.19,-0.63,-0.56,0.00,-24.50,21.44,22.29
4746,-8.38,4.68,2.29,-0.55,-0.74,-0.24,-24.50,21.44,22.29
4757,-8.38,4.68,2.29,-0.55,-0.74,-0.24,-24.50,21.44,22.29
4768,-8.45,4.04,2.95,-0.58,-0.95,-0.57,-24.50,21.44,22.29
4779,-8.45,4.04,2.95,-0.58,-0.95,-0.57,-24.50,21.44,22.29
4790,-9.39,3.34,4.16,-0.70,-0.97,-0.70,-24.08,20.08,24.46
4801,-9.39,3.34,4.16,-0.70,-0.97,-0.70,-24.08,20.08,24.46
4817,-9.17,2.93,3.62,-0.50,-0.71,-0.69,-24.08,20.08,24.46
4823,-9.17,2.93,3.62,-0.50,-0.71,-0.69,-24.08,20.08,24.46
4834,-9.34,2.40,3.08,0.06,-0.49,-0.61,-24.08,20.08,24.46
4845,-9.36,3.79,2.70,0.85,-0.31,-0.51,-24.08,20.08,24.46
4856,-9.36,3.79,2.70,0.85,-0.31,-0.51,-24.08,20.08,24.46
4867,-9.08,3.24,3.03,1.08,-0.34,-0.71,-24.08,20.08,24.46
4878,-9.08,3.24,3.03,1.08,-0.34,-0.71,-24.08,20.08,24.46
4890,-8.62,2.41,4.19,0.63,-0.33,-0.74,-24.08,20.08,24.46
4900,-8.62,2.41,4.19,0.63,-0.33,-0.74,-24.08,20.08,24.46
4911,-8.99,2.51,3.45,0.29,-0.13,-0.52,-22.83,19.74,24.15
4922,-8.99,2.51,3.45,0.29,-0.13,-0.52,-22.83,19.74,24.15
4933,-9.12,3.19,2.99,0.38,0.07,-0.35,-22.83,19.74,24.15
4944,-9.12,3.19,2.99,0.38,0.07,-0.35,-22.83,19.74,24.15
4955,-9.11,3.62,2.30,0.52,0.19,-0.35,-22.83,19.74,24.15
4966,-8.67,3.17,1.66,0.73,0.23,-0.31,-22.83,19.74,24.15
4977,-8.67,3.17,1.66,0.73,0.23,-0.31,-22.83,19.74,24.15
4988,-8.63,2.99,2.81,0.70,0.14,-0.20,-22.83,19.74,24.15
4999,-8.63,2.99,2.81,0.70,0.14,-0.20,-22.83,19.74,24.15
5010,-8.61,2.78,3.97,0.46,0.16,-0.02,-22.83,19.74,24.15
5021,-8.61,2.78,3.97,0.46,0.16,-0.02,-22.83,19.74,24.15
5032,-8.88,4.24,3.31,0.23,0.29,0.10,-22.83,19.74,24.15
5043,-8.88,4.24,3.31,0.23,0.29,0.10,-22.83,19.74,24.15
5054,-8.62,3.08,3.42,0.10,0.31,-0.01,-25.13,23.30,23.37
5065,-8.76,2.22,3.90,0.02,0.36,0.06,-25.13,23.30,23.37
5076,-8.76,2.22,3.90,0.02,0.36,0.06,-25.13,23.30,23.37
5087,-8.77,2.41,3.83,-0.06,0.48,0.28,-25.13,23.30,23.37
5098,-8.77,2.41,3.83,-0.06,0.48,0.28,-25.13,23.30,23.37
5109,-8.44,2.60,3.10,-0.17,0.55,0.46,-25.13,23.30,23.37
5120,-8.44,2.60,3.10,-0.17,0.55,0.46,-25.13,23.30,23.37
5131,-8.52,3.22,3.85,-0.27,0.58,0.64,-25.13,23.30,23.37
5142,-8.52,3.22,3.85,-0.27,0.58,0.64,-25.13,23.30,23.37
5153,-8.55,4.34,2.83,-0.44,0.62,0.73,-25.13,23.30,23.37
5164,-8.55,4.34,2.83,-0.44,0.62,0.73,-25.13,23.30,23.37
5175,-8.40,4.36,2.64,-0.57,0.51,0.61,-26.39,22.29,22.13
5186,-8.08,2.99,2.87,-0.67,0.40,0.48,-26.39,22.29,22.13
5197,-8.08,2.99,2.87,-0.67,0.40,0.48,-26.39,22.29,22.13
5208,-9.06,3.35,2.78,-0.87,0.33,0.58,-26.39,22.29,22.13
5219,-9.06,3.35,2.78,-0.87,0.33,0.58,-26.39,22.29,22.13
5230,-9.42,3.94,3.24,-0.94,0.32,0.74,-26.39,22.29,22.13
5241,-9.42,3.94,3.24,-0.94,0.32,0.74,-26.39,22.29,22.13
5252,-9.51,3.48,2.72,-0.87,0.32,0.70,-26.39,22.29,22.13
5263,-9.51,3.48,2.72,-0.87,0.32,0.70,-26.39,22.29,22.13
5274,-9.31,3.99,1.80,-0.98,0.24,0.55,-26.39,22.29,22.13
5285,-8.95,3.25,1.74,-0.92,0.07,0.32,-25.34,22.29,22.13
5296,-8.95,3.25,1.74,-0.92,0.07,0.32,-25.34,19.40,24.46
5307,-8.44,3.08,2.19,-0.69,-0.12,0.24,-25.34,19.40,24.46
5318,-8.44,3.08,2.19,-0.69,-0.12,0.24,-25.34,19.40,24.46
5329,-9.42,3.80,2.64,-0.63,-0.29,0.20,-25.34,19.40,24.46
5340,-9.42,3.80,2.64,-0.63,-0.29,0.20,-25.34,19.40,24.46
5351,-9.14,3.80,2.99,-0.72,-0.38,0.07,-25.34,19.40,24.46
5362,-9.14,3.80,2.99,-0.72,-0.38,0.07,-25.34,19.40,24.46
5373,-9.37,3.02,3.02,-0.43,-0.47,-0.17,-25.34,19.40,24.46
5384,-9.37,3.02,3.02,-0.43,-0.47,-0.17,-25.34,19.40,24.46
5395,-9.39,3.46,2.10,-0.09,-0.51,-0.32,-25.34,19.40,24.46
5406,-9.49,3.41,2.24,0.37,-0.57,-0.44,-24.29,19.57,24.92
5417,-9.49,3.41,2.24,0.37,-0.57,-0.44,-24.29,19.57,24.92
5428,-9.16,4.07,2.21,0.67,-0.61,-0.60,-24.29,19.57,24.92
5439,-9.16,4.07,2.21,0.67,-0.61,-0.60,-24.29,19.57,24.92
5451,-8.76,3.95,2.37,0.66,-0.75,-0.90,-24.29,19.57,24.92
5461,-8.76,3.95,2.37,0.66,-0.75,-0.90,-24.29,19.57,24.92
5472,-8.73,3.26,3.33,0.27,-0.86,-1.12,-24.29,19.57,24.92
5483,-8.73,3.26,3.33,0.27,-0.86,-1.12,-24.29,19.57,24.92
5494,-9.11,2.62,4.45,0.10,-0.65,-0.96,-24.29,19.57,24.92
5505,-9.11,2.62,4.45,0.10,-0.65,-0.96,-24.29,19.57,24.92
5516,-9.11,3.80,2.68,0.30,-0.24,-0.60,-24.29,19.57,24.92
5527,-8.92,3.45,2.76,0.58,-0.12,-0.54,-24.29,19.57,24.92
5538,-8.92,3.45,2.76,0.58,-0.12,-0.54,-24.29,19.57,24.92
5549,-9.01,3.48,2.96,0.68,-0.08,-0.48,-23.45,17.53,24.30
5560,-9.01,3.48,2.96,0.68,-0.08,-0.48,-23.45,17.53,24.30
5571,-8.56,3.82,3.45,0.58,-0.02,-0.42,-23.45,17.53,24.30
5582,-8.56,3.82,3.45,0.58,-0.02,-0.42,-23.45,17.53,24.30
5593,-8.47,3.14,3.96,0.21,0.03,-0.36,-23.45,17.53,24.30
5604,-8.47,3.14,3.96,0.21,0.03,-0.36,-23.45,17.53,24.30
5615,-8.59,3.31,3.65,0.06,0.11,-0.20,-23.45,17.53,24.30
5626,-8.46,2.54,4.00,0.10,0.17,-0.07,-23.45,17.53,24.30
5637,-8.46,2.54,4.00,0.10,0.17,-0.07,-23.45,17.53,24.30
5648,-8.59,2.29,3.61,-0.06,0.25,0.14,-23.45,17.53,24.30
5659,-8.59,2.29,3.61,-0.06,0.25,0.14,-23.45,17.53,24.30
5670,-8.35,2.31,3.99,-0.16,0.34,0.39,-23.87,18.55,24.92
5681,-8.35,2.31,3.99,-0.16,0.34,0.39,-23.87,18.55,24.92
5692,-8.81,3.43,3.93,-0.13,0.47,0.63,-23.87,18.55,24.92
5703,-8.81,3.43,3.93,-0.13,0.47,0.63,-23.87,18.55,24.92
5714,-7.95,3.18,3.80,-0.23,0.48,0.63,-23.87,18.55,24.92
5725,-7.95,3.18,3.80,-0.23,0.48,0.63,-23.87,18.55,24.92
5736,-8.40,3.23,4.19,-0.46,0.47,0.68,-23.87,18.55,24.92
5747,-8.75,3.82,4.07,-0.60,0.56,0.82,-23.87,18.55,24.92
5758,-8.75,3.82,4.07,-0.60,0.56,0.82,-23.87,18.55,24.92
5769,-7.68,3.75,3.82,-0.76,0.50,0.83,-23.87,18.55,24.92
5780,-7.68,3.75,3.82,-0.76,0.50,0.83,-23.87,18.55,24.92
5791,-8.44,3.42,3.51,-0.93,0.32,0.72,-23.66,18.38,26.01
5802,-8.44,3.42,3.51,-0.93,0.32,0.72,-23.66,18.38,26.01
5813,-9.24,3.09,3.35,-0.93,0.16,0.50,-23.66,18.38,26.01
5824,-9.24,3.09,3.35,-0.93,0.16,0.50,-23.66,18.38,26.01
5835,-8.54,2.60,3.17,-0.63,0.20,0.34,-23.66,18.38,26.01
5846,-9.64,3.23,2.79,-0.81,0.15,0.23,-23.66,18.38,26.01
5857,-9.64,3.23,2.79,-0.81,0.15,0.23,-23.66,18.38,26.01
5868,-8.96,2.66,2.67,-0.66,0.05,0.10,-23.66,18.38,26.01
5879,-8.96,2.66,2.67,-0.66,0.05,0.10,-23.66,18.38,26.01
5890,-8.85,2.92,3.09,-0.54,-0.19,0.01,-23.66,18.38,26.01
5901,-8.85,2.92,3.09,-0.54,-0.19,0.01,-23.66,18.38,26.01
5912,-8.92,2.41,3.95,-0.35,-0.37,-0.06,-23.66,18.38,26.01
5923,-8.92,2.41,3.95,-0.35,-0.37,-0.06,-23.66,18.38,26.01
5934,-9.37,3.26,3.52,-0.05,-0.27,0.00,-22.20,15.49,26.78
5945,-9.37,3.26,3.52,-0.05,-0.27,0.00,-22.20,15.49,26.78
5956,-9.71,3.40,3.23,0.43,-0.13,-0.12,-22.20,15.49,26.78
5968,-9.54,2.91,2.30,0.70,-0.06,-0.42,-22.20,15.49,26.78
5978,-9.54,2.91,2.30,0.70,-0.06,-0.42,-22.20,15.49,26.78
5989,-8.94,2.62,1.78,0.87,-0.08,-0.65,-22.20,15.49,26.78
6000,-8.94,2.62,1.78,0.87,-0.08,-0.65,-22.20,15.49,26.78
6011,-9.32,2.51,1.26,0.83,-0.17,-0.64,-22.20,15.49,26.78
6022,-9.32,2.51,1.26,0.83,-0.17,-0.64,-22.20,15.49,26.78
6033,-9.02,3.25,1.70,0.92,-0.10,-0.31,-22.20,15.49,26.78
6044,-9.02,3.25,1.70,0.92,-0.10,-0.31,-22.20,15.49,26.78
6055,-8.67,4.78,2.25,0.96,0.00,-0.04,-24.08,19.06,23.84
6066,-8.62,5.74,2.01,0.66,-0.00,-0.03,-24.08,19.06,23.84
6077,-8.62,5.74,2.01,0.66,-0.00,-0.03,-24.08,19.06,23.84
6088,-8.94,4.84,3.01,0.31,-0.05,-0.15,-24.08,19.06,23.84
6099,-8.94,4.84,3.01,0.31,-0.05,-0.15,-24.08,19.06,23.84
6110,-8.73,3.79,3.54,0.24,0.10,-0.20,-24.08,19.06,23.84
6121,-8.73,3.79,3.54,0.24,0.10,-0.20,-24.08,19.06,23.84
6132,-8.36,3.56,2.96,0.17,0.27,-0.08,-24.08,19.06,23.84
6143,-8.36,3.56,2.96,0.17,0.27,-0.08,-24.08,19.06,23.84
6154,-8.66,3.65,2.80,0.11,0.34,0.07,-24.08,19.06,23.84
6165,-8.66,3.65,2.80,0.11,0.34,0.07,-24.08,19.06,23.84
6176,-8.14,3.73,2.87,-0.00,0.35,0.19,-22.20,20.25,23.37
6187,-8.05,3.12,3.99,-0.25,0.30,0.34,-22.20,20.25,23.37
6198,-8.05,3.12,3.99,-0.25,0.30,0.34,-22.20,20.25,23.37
6209,-8.26,3.57,4.12,-0.52,0.30,0.56,-22.20,20.25,23.37
6220,-8.26,3.57,4.12,-0.52,0.30,0.56,-22.20,20.25,23.37
6231,-8.75,4.03,4.10,-0.81,0.25,0.62,-22.20,20.25,23.37
6242,-8.75,4.03,4.10,-0.81,0.25,0.62,-22.20,20.25,23.37
6253,-9.55,3.29,4.27,-0.92,0.29,0.52,-22.20,20.25,23.37
6264,-9.55,3.29,4.27,-0.92,0.29,0.52,-22.20,20.25,23.37
6275,-8.56,3.06,3.52,-0.89,0.35,0.39,-22.20,20.25,23.37
6286,-8.52,2.45,2.78,-0.67,0.35,0.31,-22.20,20.25,23.37
6297,-8.52,2.45,2.78,-0.67,0.35,0.31,-22.20,20.25,23.37
6308,-8.33,3.16,2.65,-0.58,0.20,0.27,-23.87,18.55,25.54
6319,-8.33,3.16,2.65,-0.58,0.20,0.27,-23.87,18.55,25.54
6330,-9.02,2.92,3.06,-0.50,-0.07,0.10,-23.87,18.55,25.54
6341,-9.02,2.92,3.06,-0.50,-0.07,0.10,-23.87,18.55,25.54
6352,-8.29,3.61,3.69,-0.46,-0.30,-0.11,-23.87,18.55,25.54
6363,-8.29,3.61,3.69,-0.46,-0.30,-0.11,-23.87,18.55,25.54
6374,-8.73,2.93,3.75,-0.59,-0.42,-0.31,-23.87,18.55,25.54
6385,-8.73,2.93,3.75,-0.59,-0.42,-0.31,-23.87,18.55,25.54
6396,-9.27,2.81,4.37,-0.37,-0.33,-0.29,-23.87,18.55,25.54
6407,-9.28,2.54,3.03,0.17,-0.10,-0.24,-23.87,18.55,25.54
6418,-9.28,2.54,3.03,0.17,-0.10,-0.24,-23.87,18.55,25.54
6429,-9.71,3.37,2.07,0.54,-0.01,-0.31,-23.04,16.85,24.30
6440,-9.71,3.37,2.07,0.54,-0.01,-0.31,-23.04,16.85,24.30
6451,-9.62,2.68,1.21,0.75,-0.07,-0.56,-23.04,16.85,24.30
6462,-9.62,2.68,1.21,0.75,-0.07,-0.56,-23.04,16.85,24.30
6473,-9.16,1.54,2.15,0.89,-0.16,-0.59,-23.04,16.85,24.30
6484,-9.16,1.54,2.15,0.89,-0.16,-0.59,-23.04,16.85,24.30
6495,-9.40,2.25,2.26,0.75,-0.11,-0.28,-23.04,16.85,24.30
6506,-9.02,4.46,2.28,0.67,0.08,-0.04,-23.04,16.85,24.30
6517,-9.02,4.46,2.28,0.67,0.08,-0.04,-23.04,16.85,24.30
6528,-8.96,5.46,2.15,0.54,0.27,-0.03,-23.04,16.85,24.30
6539,-8.96,5.46,2.15,0.54,0.27,-0.03,-23.04,16.85,24.30
6550,-8.66,5.14,1.29,0.43,0.35,-0.15,-24.71,18.89,24.30
6561,-8.66,5.14,1.29,0.43,0.35,-0.15,-24.71,18.89,24.30
6572,-8.73,4.41,1.59,0.23,0.29,-0.22,-24.71,18.89,24.30
6583,-8.73,4.41,1.59,0.23,0.29,-0.22,-24.71,18.89,24.30
6594,-8.78,3.29,1.84,0.09,0.25,-0.14,-24.71,18.89,24.30
6605,-8.78,3.29,1.84,0.09,0.25,-0.14,-24.71,18.89,24.30
6616,-8.43,2.94,1.92,0.12,0.31,0.11,-24.71,18.89,24.30
6627,-8.29,3.04,2.42,0.11,0.35,0.38,-24.71,18.89,24.30
6638,-8.29,3.04,2.42,0.11,0.35,0.38,-24.71,18.89,24.30
6649,-8.19,3.46,3.24,-0.06,0.42,0.59,-24.71,18.89,24.30
6660,-8.19,3.46,3.24,-0.06,0.42,0.59,-24.71,18.89,24.30
6671,-7.93,4.27,3.34,-0.31,0.45,0.68,-25.13,18.89,23.68
6682,-7.93,4.27,3.34,-0.31,0.45,0.68,-25.13,18.89,23.68
6693,-8.22,4.73,3.99,-0.63,0.37,0.64,-25.13,18.89,23.68
6704,-8.22,4.73,3.99,-0.63,0.37,0.64,-25.13,18.89,23.68
6715,-8.21,4.95,3.89,-1.04,0.27,0.52,-25.13,18.89,23.68
6726,-8.21,4.95,3.89,-1.04,0.27,0.52,-25.13,18.89,23.68
6737,-8.77,3.50,4.07,-1.20,0.19,0.35,-25.13,18.89,23.68
6749,-8.62,3.03,3.50,-1.19,0.19,0.29,-25.13,18.89,23.68
6759,-8.62,3.03,3.50,-1.19,0.19,0.29,-25.13,18.89,23.68
6770,-9.10,2.27,2.75,-0.91,0.15,0.21,-25.13,18.89,23.68
6781,-9.10,2.27,2.75,-0.91,0.15,0.21,-25.13,18.89,23.68
6792,-9.54,1.98,2.99,-0.47,0.01,0.08,-25.13,18.89,23.68
6803,-9.54,1.98,2.99,-0.47,0.01,0.08,-25.13,18.89,23.68
6814,-8.73,2.80,2.14,-0.21,-0.17,-0.03,-24.71,16.17,23.68
6825,-8.73,2.80,2.14,-0.21,-0.17,-0.03,-24.71,16.17,23.68
6836,-8.95,2.46,2.83,-0.30,-0.48,-0.21,-24.71,16.17,23.68
6847,-9.36,2.04,3.59,-0.25,-0.58,-0.27,-24.71,16.17,23.68
6858,-9.36,2.04,3.59,-0.25,-0.58,-0.27,-24.71,16.17,23.68
6869,-9.56,3.14,3.21,-0.00,-0.42,-0.20,-24.71,16.17,23.68
6880,-9.56,3.14,3.21,-0.00,-0.42,-0.20,-24.71,16.17,23.68
6891,-9.42,3.17,2.35,0.39,-0.28,-0.30,-24.71,16.17,23.68
6902,-9.42,3.17,2.35,0.39,-0.28,-0.30,-24.71,16.17,23.68
6913,-9.63,3.43,1.90,0.64,-0.25,-0.40,-24.71,16.17,23.68
6924,-9.63,3.43,1.90,0.64,-0.25,-0.40,-24.71,16.17,23.68
6935,-9.47,3.23,1.84,0.57,-0.22,-0.50,-24.29,16.51,25.54
6946,-9.47,3.23,1.84,0.57,-0.22,-0.50,-24.29,16.51,25.54
6957,-9.76,2.97,1.01,0.57,-0.16,-0.51,-24.29,16.51,25.54
6968,-9.79,3.55,1.03,0.89,-0.10,-0.48,-24.29,16.51,25.54
6979,-9.79,3.55,1.03,0.89,-0.10,-0.48,-24.29,16.51,25.54
6990,-9.23,4.06,0.89,1.21,-0.03,-0.51,-24.29,16.51,25.54
7001,-9.23,4.06,0.89,1.21,-0.03,-0.51,-24.29,16.51,25.54
7012,-8.92,4.08,1.68,1.05,0.02,-0.48,-24.29,16.51,25.54
7023,-8.92,4.08,1.68,1.05,0.02,-0.48,-24.29,16.51,25.54
7034,-8.54,4.18,1.73,0.55,0.12,-0.35,-24.29,16.51,25.54
7045,-8.54,4.18,1.73,0.55,0.12,-0.35,-24.29,16.51,25.54
7056,-8.16,3.00,3.25,0.34,0.18,-0.02,-25.13,18.55,24.30
7067,-8.07,3.91,3.03,0.19,0.36,0.43,-25.13,18.55,24.30
7078,-8.07,3.91,3.03,0.19,0.36,0.43,-25.13,18.55,24.30
7090,-8.40,5.47,3.60,0.09,0.37,0.61,-25.13,18.55,24.30
7100,-8.40,5.47,3.60,0.09,0.37,0.61,-25.13,18.55,24.30
7111,-8.19,5.53,4.42,-0.14,0.38,0.41,-25.13,18.55,24.30
7122,-8.19,5.53,4.42,-0.14,0.38,0.41,-25.13,18.55,24.30
7133,-8.08,5.01,4.51,-0.61,0.50,0.31,-25.13,18.55,24.30
7144,-8.08,5.01,4.51,-0.61,0.50,0.31,-25.13,18.55,24.30
7155,-7.84,4.04,3.55,-1.06,0.53,0.39,-25.13,18.55,24.30
7166,-7.84,4.04,3.55,-1.06,0.53,0.39,-25.13,18.55,24.30
7177,-7.73,3.20,3.55,-1.30,0.37,0.51,-25.13,18.55,24.30
7188,-8.82,3.09,2.95,-1.37,0.15,0.58,-22.83,16.34,25.39
7199,-8.82,3.09,2.95,-1.37,0.15,0.58,-22.83,16.34,25.39
7210,-10.17,2.10,3.74,-0.90,0.05,0.50,-22.83,16.34,25.39
7221,-10.17,2.10,3.74,-0.90,0.05,0.50,-22.83,16.34,25.39
7232,-10.08,2.43,2.64,-0.52,0.08,0.29,-22.83,16.34,25.39
7243,-10.08,2.43,2.64,-0.52,0.08,0.29,-22.83,16.34,25.39
7254,-9.63,2.60,2.25,-0.36,0.00,0.07,-22.83,16.34,25.39
7265,-9.63,2.60,2.25,-0.36,0.00,0.07,-22.83,16.34,25.39
7276,-9.05,3.19,1.81,-0.29,-0.25,-0.16,-22.83,16.34,25.39
7287,-9.31,2.75,2.78,-0.11,-0.54,-0.42,-22.83,16.34,25.39
7298,-9.31,2.75,2.78,-0.11,-0.54,-0.42,-22.83,16.34,25.39
7309,-9.53,3.16,3.31,0.24,-0.56,-0.52,-23.87,15.15,23.68
7320,-9.53,3.16,3.31,0.24,-0.56,-0.52,-23.87,15.15,23.68
7331,-9.85,3.43,3.49,0.84,-0.29,-0.55,-23.87,15.15,23.68
7342,-9.85,3.43,3.49,0.84,-0.29,-0.55,-23.87,15.15,23.68
7353,-9.46,4.29,2.21,0.73,0.00,-0.62,-23.87,15.15,23.68
7364,-9.46,4.29,2.21,0.73,0.00,-0.62,-23.87,15.15,23.68
7375,-9.58,3.31,1.75,0.44,0.16,-0.80,-23.87,15.15,23.68
7386,-9.58,3.31,1.75,0.44,0.16,-0.80,-23.87,15.15,23.68
7397,-9.20,2.02,1.44,0.58,0.40,-0.68,-23.87,15.15,23.68
7408,-9.01,2.77,0.79,0.68,0.53,-0.31,-23.87,15.15,23.68
7419,-9.01,2.77,0.79,0.68,0.53,-0.31,-23.87,15.15,23.68
7430,-8.80,3.57,0.82,0.69,0.44,-0.07,-26.59,16.34,24.15
7441,-8.80,3.57,0.82,0.69,0.44,-0.07,-26.59,16.34,24.15
7452,-9.06,4.36,0.98,0.60,0.31,0.01,-26.59,16.34,24.15
7463,-9.06,4.36,0.98,0.60,0.31,0.01,-26.59,16.34,24.15
7474,-9.27,4.74,2.20,0.54,0.28,-0.02,-26.59,16.34,24.15
7485,-9.27,4.74,2.20,0.54,0.28,-0.02,-26.59,16.34,24.15
7496,-9.15,4.14,3.19,0.48,0.40,-0.02,-26.59,16.34,24.15
7507,-8.51,3.30,2.21,0.30,0.62,0.04,-26.59,16.34,24.15
7518,-8.51,3.30,2.21,0.30,0.62,0.04,-26.59,16.34,24.15
7529,-8.27,3.02,1.42,0.03,0.66,0.19,-26.59,16.34,24.15
7540,-8.27,3.02,1.42,0.03,0.66,0.19,-26.59,16.34,24.15
7551,-7.67,2.77,1.71,-0.15,0.49,0.39,-26.59,16.34,24.15
7562,-7.67,2.77,1.71,-0.15,0.49,0.39,-26.59,16.34,24.15
7573,-8.52,3.44,3.40,-0.41,0.23,0.66,-27.85,20.42,23.53
7584,-8.52,3.44,3.40,-0.41,0.23,0.66,-27.85,20.42,23.53
7595,-8.70,4.04,2.94,-0.60,0.15,0.82,-27.85,20.42,23.53
7606,-8.70,4.04,2.94,-0.60,0.15,0.82,-27.85,20.42,23.53
7617,-9.30,4.31,3.26,-0.87,0.08,0.72,-27.85,20.42,23.53
7628,-9.32,4.07,2.88,-1.01,0.07,0.50,-27.85,20.42,23.53
7639,-9.32,4.07,2.88,-1.01,0.07,0.50,-27.85,20.42,23.53
7650,-8.53,2.79,2.47,-0.82,-0.00,0.25,-27.85,20.42,23.53
7661,-8.53,2.79,2.47,-0.82,-0.00,0.25,-27.85,20.42,23.53
7672,-8.81,3.40,1.91,-0.77,-0.17,0.17,-27.85,20.42,23.53
7683,-8.81,3.40,1.91,-0.77,-0.17,0.17,-27.85,20.42,23.53
7694,-9.47,3.69,1.69,-0.66,-0.44,-0.01,-27.43,15.32,23.84
7705,-9.47,3.69,1.69,-0.66,-0.44,-0.01,-27.43,15.32,23.84
7716,-9.20,3.75,2.15,-0.58,-0.71,-0.27,-27.43,15.32,23.84
7727,-9.54,2.91,2.59,-0.41,-0.78,-0.49,-27.43,15.32,23.84
7738,-9.54,2.91,2.59,-0.41,-0.78,-0.49,-27.43,15.32,23.84
7749,-9.97,2.87,2.86,-0.05,-0.60,-0.52,-27.43,15.32,23.84
7760,-9.97,2.87,2.86,-0.05,-0.60,-0.52,-27.43,15.32,23.84
7771,-10.07,2.91,2.17,0.55,-0.31,-0.55,-27.43,15.32,23.84
7782,-10.07,2.91,2.17,0.55,-0.31,-0.55,-27.43,15.32,23.84
7793,-9.89,3.35,1.49,0.59,-0.19,-0.69,-27.43,15.32,23.84
7804,-9.89,3.35,1.49,0.59,-0.19,-0.69,-27.43,15.32,23.84
7815,-9.44,2.48,1.32,0.54,-0.17,-0.87,-24.29,16.85,24.92
7826,-9.44,2.48,1.32,0.54,-0.17,-0.87,-24.29,16.85,24.92
7837,-9.27,1.59,1.77,0.70,-0.09,-0.72,-24.29,16.85,24.92
7848,-9.21,2.79,1.45,0.81,0.11,-0.34,-24.29,16.85,24.92
7859,-9.21,2.79,1.45,0.81,0.11,-0.34,-24.29,16.85,24.92
7870,-9.15,3.91,1.12,0.65,0.23,-0.11,-24.29,16.85,24.92
7881,-9.15,3.91,1.12,0.65,0.23,-0.11,-24.29,16.85,24.92
7892,-9.32,4.36,0.93,0.43,0.25,-0.08,-24.29,16.85,24.92
7903,-9.32,4.36,0.93,0.43,0.25,-0.08,-24.29,16.85,24.92
7914,-9.05,3.96,1.54,0.47,0.24,-0.14,-24.29,16.85,24.92
7925,-9.05,3.96,1.54,0.47,0.24,-0.14,-24.29,16.85,24.92
7936,-8.98,3.96,1.65,0.35,0.17,-0.18,-25.97,17.53,23.37
7947,-8.98,3.96,1.65,0.35,0.17,-0.18,-25.97,17.53,23.37
7958,-8.68,3.14,2.18,0.25,0.17,-0.14,-25.97,17.53,23.37
7969,-8.73,3.23,2.32,0.15,0.23,0.07,-25.97,17.53,23.37
7980,-8.73,3.23,2.32,0.15,0.23,0.07,-25.97,17.53,23.37
7991,-8.53,3.40,2.93,0.09,0.31,0.31,-25.97,17.53,23.37
8002,-8.53,3.40,2.93,0.09,0.31,0.31,-25.97,17.53,23.37
8013,-8.56,3.84,3.40,-0.15,0.37,0.52,-25.97,17.53,23.37
8024,-8.56,3.84,3.40,-0.15,0.37,0.52,-25.97,17.53,23.37
8035,-8.59,4.35,3.07,-0.37,0.37,0.56,-25.97,17.53,23.37
8046,-8.59,4.35,3.07,-0.37,0.37,0.56,-25.97,17.53,23.37
8057,-8.92,4.02,3.48,-0.59,0.34,0.52,-25.97,17.53,23.37
8068,-9.40,3.59,2.99,-0.81,0.34,0.52,-27.43,17.70,22.91
8079,-9.40,3.59,2.99,-0.81,0.34,0.52,-27.43,17.70,22.91
8090,-9.15,3.30,2.62,-0.78,0.24,0.43,-27.43,17.70,22.91
8101,-9.15,3.30,2.62,-0.78,0.24,0.43,-27.43,17.70,22.91
8112,-9.28,2.84,2.70,-0.63,0.11,0.31,-27.43,17.70,22.91
8123,-9.28,2.84,2.70,-0.63,0.11,0.31,-27.43,17.70,22.91
8134,-8.90,3.12,2.10,-0.60,-0.06,0.17,-27.43,17.70,22.91
8146,-8.90,3.12,2.10,-0.60,-0.06,0.17,-27.43,17.70,22.91
8156,-9.47,2.87,2.51,-0.49,-0.24,0.05,-27.43,17.70,22.91
8167,-9.47,2.87,2.51,-0.49,-0.24,0.05,-27.43,17.70,22.91
8178,-9.68,3.07,1.83,-0.25,-0.30,-0.08,-27.43,17.70,22.91
8189,-9.97,2.78,1.93,0.05,-0.41,-0.30,-27.43,14.64,24.46
8200,-9.97,2.78,1.93,0.05,-0.41,-0.30,-27.43,14.64,24.46
8211,-9.34,2.28,2.56,0.32,-0.37,-0.46,-27.43,14.64,24.46
8222,-9.34,2.28,2.56,0.32,-0.37,-0.46,-27.43,14.64,24.46
8233,-9.69,3.01,1.51,0.37,-0.31,-0.54,-27.43,14.64,24.46
8244,-9.69,3.01,1.51,0.37,-0.31,-0.54,-27.43,14.64,24.46
8255,-9.78,2.41,0.91,0.45,-0.27,-0.62,-27.43,14.64,24.46
8266,-9.78,2.41,0.91,0.45,-0.27,-0.62,-27.43,14.64,24.46
8277,-9.00,2.15,1.19,0.51,-0.23,-0.50,-27.43,14.64,24.46
8288,-9.21,2.50,1.47,0.75,-0.12,-0.21,-27.43,14.64,24.46
8299,-9.21,2.50,1.47,0.75,-0.12,-0.21,-27.43,14.64,24.46
8310,-9.48,4.05,0.91,0.91,0.05,0.04,-25.34,15.66,23.22
8321,-9.48,4.05,0.91,0.91,0.05,0.04,-25.34,15.66,23.22
8332,-9.27,4.88,0.83,0.86,0.16,0.04,-25.34,15.66,23.22
8343,-9.27,4.88,0.83,0.86,0.16,0.04,-25.34,15.66,23.22
8354,-9.42,5.15,1.04,0.60,0.15,-0.11,-25.34,15.66,23.22
8365,-9.42,5.15,1.04,0.60,0.15,-0.11,-25.34,15.66,23.22
8376,-9.20,4.02,1.56,0.44,0.15,-0.28,-25.34,15.66,23.22
8387,-9.20,4.02,1.56,0.44,0.15,-0.28,-25.34,15.66,23.22
8398,-8.70,2.96,1.87,0.36,0.19,-0.29,-25.34,15.66,23.22
8409,-8.61,3.29,2.18,0.27,0.24,-0.07,-25.34,15.66,23.22
8420,-8.61,3.29,2.18,0.27,0.24,-0.07,-25.34,15.66,23.22
8431,-8.21,3.92,2.53,0.09,0.29,0.19,-25.34,15.66,23.22
8442,-8.21,3.92,2.53,0.09,0.29,0.19,-25.34,15.66,23.22
8453,-8.86,3.89,3.07,-0.19,0.30,0.37,-26.39,18.21,21.82
8464,-8.86,3.89,3.07,-0.19,0.30,0.37,-26.39,18.21,21.82
8475,-9.22,4.05,2.85,-0.38,0.33,0.46,-26.39,18.21,21.82
8486,-9.22,4.05,2.85,-0.38,0.33,0.46,-26.39,18.21,21.82
8497,-8.72,3.47,3.41,-0.54,0.27,0.40,-26.39,18.21,21.82
8508,-8.71,3.08,3.25,-0.59,0.26,0.36,-26.39,18.21,21.82
8519,-8.71,3.08,3.25,-0.59,0.26,0.36,-26.39,18.21,21.82
8530,-8.84,3.01,3.36,-0.53,0.24,0.36,-26.39,18.21,21.82
8541,-8.84,3.01,3.36,-0.53,0.24,0.36,-26.39,18.21,21.82
8552,-9.15,2.39,3.02,-0.38,0.16,0.32,-26.39,18.21,21.82
8563,-9.15,2.39,3.02,-0.38,0.16,0.32,-26.39,18.21,21.82
8574,-9.38,2.52,2.70,-0.27,-0.00,0.30,-27.01,17.36,22.60
8585,-9.38,2.52,2.70,-0.27,-0.00,0.30,-27.01,17.36,22.60
8596,-9.28,3.60,2.18,-0.30,-0.16,0.25,-27.01,17.36,22.60
8607,-9.28,3.60,2.18,-0.30,-0.16,0.25,-27.01,17.36,22.60
8618,-9.65,3.33,2.67,-0.19,-0.27,0.05,-27.01,17.36,22.60
8629,-9.97,2.34,1.62,0.09,-0.30,-0.24,-27.01,17.36,22.60
8640,-9.97,2.34,1.62,0.09,-0.30,-0.24,-27.01,17.36,22.60
8651,-9.84,1.92,1.77,0.35,-0.30,-0.33,-27.01,17.36,22.60
8662,-9.84,1.92,1.77,0.35,-0.30,-0.33,-27.01,17.36,22.60
8673,-8.97,2.34,1.53,0.47,-0.27,-0.29,-27.01,17.36,22.60
8684,-8.97,2.34,1.53,0.47,-0.27,-0.29,-27.01,17.36,22.60
8695,-9.02,3.12,1.37,0.61,-0.26,-0.21,-26.80,19.23,22.75
8706,-9.02,3.12,1.37,0.61,-0.26,-0.21,-26.80,19.23,22.75
8717,-9.50,3.64,1.81,0.71,-0.18,-0.15,-26.80,19.23,22.75
8728,-9.52,4.40,1.84,0.57,0.06,0.00,-26.80,19.23,22.75
8739,-9.52,4.40,1.84,0.57,0.06,0.00,-26.80,19.23,22.75
8750,-9.40,5.04,1.41,0.46,0.36,0.02,-26.80,19.23,22.75
8761,-9.40,5.04,1.41,0.46,0.36,0.02,-26.80,19.23,22.75
8772,-9.48,5.61,-0.56,0.25,0.43,-0.24,-26.80,19.23,22.75
8783,-9.48,5.61,-0.56,0.25,0.43,-0.24,-26.80,19.23,22.75
8794,-9.14,3.91,-0.06,0.14,0.28,-0.59,-26.80,19.23,22.75
8805,-9.14,3.91,-0.06,0.14,0.28,-0.59,-26.80,19.23,22.75
8816,-8.60,2.32,-0.27,0.17,0.22,-0.55,-26.80,19.23,22.75
8827,-8.60,2.32,-0.27,0.17,0.22,-0.55,-26.80,19.23,22.75
8838,-9.01,2.71,-0.17,0.25,0.09,-0.20,-24.71,18.55,20.89
8849,-9.19,3.06,1.26,0.46,0.05,0.09,-24.71,18.55,20.89
8860,-9.19,3.06,1.26,0.46,0.05,0.09,-24.71,18.55,20.89
8871,-9.16,3.69,1.15,0.52,0.17,0.28,-24.71,18.55,20.89
8882,-9.16,3.69,1.15,0.52,0.17,0.28,-24.71,18.55,20.89
8893,-8.74,3.41,1.29,0.41,0.16,0.32,-24.71,18.55,20.89
8904,-8.74,3.41,1.29,0.41,0.16,0.32,-24.71,18.55,20.89
8915,-9.20,3.94,2.23,0.29,0.17,0.39,-24.71,18.55,20.89
8926,-9.20,3.94,2.23,0.29,0.17,0.39,-24.71,18.55,20.89
8937,-9.33,5.10,2.32,0.15,0.24,0.38,-24.71,18.55,20.89
8948,-9.15,4.41,1.78,0.11,0.37,0.16,-24.71,18.55,20.89
8959,-9.15,4.41,1.78,0.11,0.37,0.16,-26.59,20.42,20.43
8970,-8.84,3.81,1.89,-0.04,0.33,-0.02,-26.59,20.42,20.43
8981,-8.84,3.81,1.89,-0.04,0.33,-0.02,-26.59,20.42,20.43
8992,-8.77,3.04,2.63,-0.19,0.20,0.04,-26.59,20.42,20.43
9003,-8.77,3.04,2.63,-0.19,0.20,0.04,-26.59,20.42,20.43
9014,-8.80,3.22,2.52,-0.44,0.16,0.28,-26.59,20.42,20.43
9025,-8.80,3.22,2.52,-0.44,0.16,0.28,-26.59,20.42,20.43
9036,-8.49,4.44,1.94,-0.76,0.07,0.47,-26.59,20.42,20.43
9047,-8.49,4.44,1.94,-0.76,0.07,0.47,-26.59,20.42,20.43
9058,-9.87,4.59,2.28,-0.78,0.02,0.45,-26.59,20.42,20.43
9069,-9.46,4.59,1.23,-0.53,0.07,0.23,-28.27,17.70,21.36
9080,-9.46,4.59,1.23,-0.53,0.07,0.23,-28.27,17.70,21.36
9091,-9.51,3.13,1.09,-0.27,-0.00,-0.04,-28.27,17.70,21.36
9102,-9.51,3.13,1.09,-0.27,-0.00,-0.04,-28.27,17.70,21.36
9113,-9.26,2.16,0.29,-0.25,-0.23,-0.05,-28.27,17.70,21.36
9124,-9.26,2.16,0.29,-0.25,-0.23,-0.05,-28.27,17.70,21.36
9135,-9.62,3.13,0.08,-0.29,-0.68,0.08,-28.27,17.70,21.36
9146,-9.62,3.13,0.08,-0.29,-0.68,0.08,-28.27,17.70,21.36
9157,-10.13,3.44,2.78,0.22,-0.92,0.00,-28.27,17.70,21.36
9168,-10.13,3.44,2.78,0.22,-0.92,0.00,-28.27,17.70,21.36
9179,-9.48,2.33,1.71,0.41,-0.56,0.03,-28.27,17.70,21.36
9190,-8.44,2.59,1.30,0.00,-0.23,0.37,-25.97,19.91,22.13
9201,-8.44,2.59,1.30,0.00,-0.23,0.37,-25.97,19.91,22.13
9212,-11.01,2.25,0.05,-0.03,0.08,0.74,-25.97,19.91,22.13
9223,-11.01,2.25,0.05,-0.03,0.08,0.74,-25.97,19.91,22.13
9234,-11.96,3.38,-2.24,0.43,0.11,1.46,-25.97,19.91,22.13
9245,-11.96,3.38,-2.24,0.43,0.11,1.46,-25.97,19.91,22.13
9256,-10.40,3.97,-1.30,0.62,-0.27,2.19,-25.97,19.91,22.13
9267,-10.40,3.97,-1.30,0.62,-0.27,2.19,-25.97,19.91,22.13
9278,-9.18,7.69,0.66,0.59,-0.40,2.73,-25.97,19.91,22.13
9289,-9.08,11.28,0.73,0.21,-0.13,2.29,-25.97,19.91,22.13
9300,-9.08,11.28,0.73,0.21,-0.13,2.29,-25.97,19.91,22.13
9311,-8.33,10.31,-1.13,-0.08,0.12,1.17,-25.97,19.91,22.13
9322,-8.33,10.31,-1.13,-0.08,0.12,1.17,-25.97,19.91,22.13
9333,-7.54,8.94,-1.67,0.02,-0.00,0.47,-18.22,24.83,21.05
9344,-7.54,8.94,-1.67,0.02,-0.00,0.47,-18.22,24.83,21.05
9355,-6.55,9.08,-1.89,0.15,-0.34,0.10,-18.22,24.83,21.05
9366,-6.55,9.08,-1.89,0.15,-0.34,0.10,-18.22,24.83,21.05
9377,-5.80,9.01,-0.32,0.32,-0.68,-0.32,-18.22,24.83,21.05
9388,-5.80,9.01,-0.32,0.32,-0.68,-0.32,-18.22,24.83,21.05
9399,-6.04,7.54,1.21,0.30,-0.74,-0.69,-18.22,24.83,21.05
9410,-6.74,8.02,1.13,0.11,-0.58,-0.70,-18.22,24.83,21.05
9426,-6.74,8.02,1.13,0.11,-0.58,-0.70,-18.22,24.83,21.05
9432,-6.94,9.22,1.31,0.29,-0.39,-0.82,-18.22,24.83,21.05
9443,-6.94,9.22,1.31,0.29,-0.39,-0.82,-18.22,24.83,21.05
9454,-6.17,7.65,0.73,0.15,-0.26,-1.23,-20.10,23.30,20.89
9465,-6.17,7.65,0.73,0.15,-0.26,-1.23,-20.10,23.30,20.89
9476,-4.76,4.69,-0.58,-0.22,-0.38,-1.20,-20.10,23.30,20.89
9487,-4.76,4.69,-0.58,-0.22,-0.38,-1.20,-20.10,23.30,20.89
9498,-4.43,2.87,2.07,0.53,-0.47,-0.32,-20.10,23.30,20.89
9509,-4.62,3.73,3.96,0.46,-0.30,0.73,-20.10,23.30,20.89
9520,-4.62,3.73,3.96,0.46,-0.30,0.73,-20.10,23.30,20.89
9531,-4.71,5.21,3.21,1.77,0.35,1.95,-20.10,23.30,20.89
9542,-4.71,5.21,3.21,1.77,0.35,1.95,-20.10,23.30,20.89
9553,-8.10,7.67,8.47,5.97,2.04,3.34,-20.10,23.30,20.89
9564,-8.10,7.67,8.47,5.97,2.04,3.34,-20.10,23.30,20.89
9575,-5.86,5.80,4.94,6.65,4.44,3.04,-16.34,32.14,10.05
9586,-5.86,5.80,4.94,6.65,4.44,3.04,-16.34,32.14,10.05
9597,-1.70,6.49,-1.80,5.87,5.71,2.61,-16.34,32.14,10.05
9608,-1.70,6.49,-1.80,5.87,5.71,2.61,-16.34,32.14,10.05
9619,-4.57,5.96,-1.59,6.09,5.80,2.26,-16.34,32.14,10.05
9630,-3.97,4.62,-2.03,3.17,5.37,1.84,-16.34,32.14,10.05
9642,-3.97,4.62,-2.03,3.17,5.37,1.84,-16.34,32.14,10.05
9652,-4.17,6.08,-4.09,0.32,4.97,2.14,-16.34,32.14,10.05
9663,-4.17,6.08,-4.09,0.32,4.97,2.14,-16.34,32.14,10.05
9674,-3.75,11.13,-10.15,0.85,5.00,2.61,-16.34,32.14,10.05
9685,-3.75,11.13,-10.15,0.85,5.00,2.61,-16.34,32.14,10.05
9696,-4.11,11.40,-16.50,2.45,4.11,1.91,-16.34,32.14,10.05
9707,-4.11,11.40,-16.50,2.45,4.11,1.91,-16.34,32.14,10.05
9718,-4.09,5.55,-12.47,2.69,1.35,0.69,-8.80,37.23,-7.31
9729,-4.01,3.92,-9.53,-0.14,-1.03,0.32,-8.80,37.23,-7.31
9740,-4.01,3.92,-9.53,-0.14,-1.03,0.32,-8.80,37.23,-7.31
9751,-5.31,5.65,-5.44,-1.49,-2.51,0.64,-8.80,37.23,-7.31
9762,-5.31,5.65,-5.44,-1.49,-2.51,0.64,-8.80,37.23,-7.31
9773,-7.42,7.94,-3.00,-2.19,-3.05,0.55,-8.80,37.23,-7.31
9784,-7.42,7.94,-3.00,-2.19,-3.05,0.55,-8.80,37.23,-7.31
9795,-8.67,6.78,-0.66,-1.75,-2.65,0.06,-8.80,37.23,-7.31
9806,-8.67,6.78,-0.66,-1.75,-2.65,0.06,-8.80,37.23,-7.31
9817,-8.31,4.12,-0.42,-0.68,-1.69,-0.04,-8.80,37.23,-7.31
9828,-8.31,4.12,-0.42,-0.68,-1.69,-0.04,-8.80,37.23,-7.31
9839,-7.02,4.16,-3.40,0.43,-0.87,0.50,-10.89,35.19,-2.97
9850,-6.18,6.63,-6.60,1.28,-0.58,1.10,-10.89,35.19,-2.97
9861,-6.18,6.63,-6.60,1.28,-0.58,1.10,-10.89,35.19,-2.97
9872,-5.32,6.38,-6.35,0.91,-0.82,1.21,-10.89,35.19,-2.97
9883,-5.32,6.38,-6.35,0.91,-0.82,1.21,-10.89,35.19,-2.97
9894,-4.90,5.24,-3.07,-0.68,-0.94,1.40,-10.89,35.19,-2.97
9905,-4.90,5.24,-3.07,-0.68,-0.94,1.40,-10.89,35.19,-2.97
9916,-4.13,7.24,-1.90,-2.03,-0.53,1.91,-10.89,35.19,-2.97
9927,-4.13,7.24,-1.90,-2.03,-0.53,1.91,-10.89,35.19,-2.97
9938,-3.51,10.54,-3.35,-1.50,-0.13,2.02,-10.89,35.19,-2.97
9949,-3.14,11.73,-6.87,0.59,0.02,1.67,-2.10,35.53,-2.66
9960,-3.14,11.73,-6.87,0.59,0.02,1.67,-2.10,35.53,-2.66
9971,-1.74,14.88,-10.21,1.11,0.67,2.07,-2.10,35.53,-2.66
9982,-1.74,14.88,-10.21,1.11,0.67,2.07,-2.10,35.53,-2.66
9993,-1.19,13.43,-9.44,-0.71,0.23,1.11,-2.10,35.53,-2.66
10004,-1.19,13.43,-9.44,-0.71,0.23,1.11,-2.10,35.53,-2.66
10015,-1.16,8.06,-4.82,-0.95,-0.94,-0.35,-2.10,35.53,-2.66
10026,-1.16,8.06,-4.82,-0.95,-0.94,-0.35,-2.10,35.53,-2.66
10037,-1.59,6.00,-3.06,0.04,-1.37,-0.57,-2.10,35.53,-2.66
10048,-1.59,6.00,-3.06,0.04,-1.37,-0.57,-2.10,35.53,-2.66
10059,-1.26,6.09,-2.36,0.83,-1.06,-0.04,-2.10,35.53,-2.66
10070,-1.21,7.64,-1.81,0.19,-0.45,0.53,-2.10,35.53,-2.66
10081,-1.21,7.64,-1.81,0.19,-0.45,0.53,-2.10,35.53,-2.66
10092,-1.46,9.34,-2.01,-0.76,0.28,0.75,1.25,34.85,-1.73
10103,-1.46,9.34,-2.01,-0.76,0.28,0.75,1.25,34.85,-1.73
10114,-1.76,10.75,-3.63,-0.69,0.93,0.66,1.25,34.85,-1.73
10125,-1.76,10.75,-3.63,-0.69,0.93,0.66,1.25,34.85,-1.73
10136,-1.99,11.20,-6.29,0.05,1.13,0.31,1.25,34.85,-1.73
10147,-1.99,11.20,-6.29,0.05,1.13,0.31,1.25,34.85,-1.73
10158,-2.56,10.23,-8.36,0.66,0.77,-0.13,1.25,34.85,-1.73
10169,-2.71,7.73,-7.15,0.56,0.00,-0.43,1.25,34.85,-1.73
10180,-2.71,7.73,-7.15,0.56,0.00,-0.43,1.25,34.85,-1.73
10191,-3.01,6.50,-4.71,-0.06,-0.54,-0.29,1.25,34.85,-1.73
10202,-3.01,6.50,-4.71,-0.06,-0.54,-0.29,1.25,34.85,-1.73
10213,-2.80,7.03,-3.35,-0.40,-0.46,0.12,1.46,35.36,-2.20
10225,-2.80,7.03,-3.35,-0.40,-0.46,0.12,1.46,35.36,-2.20
10235,-2.29,8.23,-3.69,-0.24,0.00,0.49,1.46,35.36,-2.20
10246,-2.29,8.23,-3.69,-0.24,0.00,0.49,1.46,35.36,-2.20
10257,-1.67,9.09,-5.08,-0.00,0.33,0.61,1.46,35.36,-2.20
10268,-1.67,9.09,-5.08,-0.00,0.33,0.61,1.46,35.36,-2.20
10279,-1.44,9.45,-6.15,0.10,0.32,0.51,1.46,35.36,-2.20
10290,-1.30,8.92,-5.92,0.15,0.06,0.33,1.46,35.36,-2.20
10301,-1.30,8.92,-5.92,0.15,0.06,0.33,1.46,35.36,-2.20
10312,-1.41,8.93,-5.14,-0.07,-0.20,0.24,1.46,35.36,-2.20
10323,-1.41,8.93,-5.14,-0.07,-0.20,0.24,1.46,35.36,-2.20
10334,-1.67,9.32,-4.47,-0.17,-0.27,0.15,4.18,35.19,-0.80
10345,-1.67,9.32,-4.47,-0.17,-0.27,0.15,4.18,35.19,-0.80
10356,-1.73,8.95,-3.92,0.02,-0.13,0.05,4.18,35.19,-0.80
10367,-1.73,8.95,-3.92,0.02,-0.13,0.05,4.18,35.19,-0.80
10378,-1.84,8.85,-4.31,0.03,0.11,0.04,4.18,35.19,-0.80
10389,-1.84,8.85,-4.31,0.03,0.11,0.04,4.18,35.19,-0.80
10400,-1.85,8.90,-5.31,0.12,0.27,0.06,4.18,35.19,-0.80
10411,-1.64,8.65,-5.84,0.25,0.22,0.03,4.18,35.19,-0.80
10422,-1.64,8.65,-5.84,0.25,0.22,0.03,4.18,35.19,-0.80
10433,-1.59,8.51,-5.74,0.17,0.04,0.04,4.18,35.19,-0.80
10444,-1.59,8.51,-5.74,0.17,0.04,0.04,4.18,35.19,-0.80
10455,-1.58,8.58,-5.13,-0.05,-0.13,0.04,4.60,35.19,-2.04
10466,-1.58,8.58,-5.13,-0.05,-0.13,0.04,4.60,35.19,-2.04
10477,-1.59,8.70,-4.39,-0.15,-0.15,0.03,4.60,35.19,-2.04
10488,-1.59,8.70,-4.39,-0.15,-0.15,0.03,4.60,35.19,-2.04
10499,-1.68,8.98,-4.64,-0.09,-0.00,0.02,4.60,35.19,-2.04
10510,-1.55,9.01,-5.39,0.15,0.13,0.02,4.60,35.19,-2.04
10522,-1.55,9.01,-5.39,0.15,0.13,0.02,4.60,35.19,-2.04
10532,-1.71,8.96,-5.60,0.11,0.04,-0.04,4.60,35.19,-2.04
10543,-1.71,8.96,-5.60,0.11,0.04,-0.04,4.60,35.19,-2.04
10554,-1.87,8.92,-5.42,0.07,-0.12,-0.11,4.60,35.19,-2.04
10565,-1.87,8.92,-5.42,0.07,-0.12,-0.11,4.60,35.19,-2.04
10576,-1.60,8.56,-5.26,0.20,-0.22,-0.16,4.60,35.19,-2.04
10587,-1.60,8.56,-5.26,0.20,-0.22,-0.16,4.60,35.19,-2.04
10598,-1.48,8.43,-4.89,0.11,-0.47,-0.32,2.93,33.83,-2.97
10609,-1.48,8.43,-4.89,0.11,-0.47,-0.32,2.93,33.83,-2.97
10620,-1.82,8.92,-3.95,0.01,-0.43,-0.24,2.93,33.83,-2.97
10631,-2.03,9.74,-4.92,-0.08,-0.06,-0.19,2.93,33.83,-2.97
10642,-2.03,9.74,-4.92,-0.08,-0.06,-0.19,2.93,33.83,-2.97
10653,-2.02,6.89,-4.68,0.55,0.09,-0.27,2.93,33.83,-2.97
10664,-2.02,6.89,-4.68,0.55,0.09,-0.27,2.93,33.83,-2.97
10675,-1.90,7.90,-5.67,0.57,0.16,0.00,2.93,33.83,-2.97
10686,-1.90,7.90,-5.67,0.57,0.16,0.00,2.93,33.83,-2.97
10697,-1.79,9.74,-7.11,-0.09,0.06,0.02,2.93,33.83,-2.97
10708,-1.79,9.74,-7.11,-0.09,0.06,0.02,2.93,33.83,-2.97
10719,-2.09,9.16,-6.09,-0.27,-0.31,-0.30,2.93,34.17,-2.97
10730,-2.21,7.43,-5.00,-0.21,-0.51,-0.42,2.93,34.17,-2.97
10741,-2.21,7.43,-5.00,-0.21,-0.51,-0.42,2.93,34.17,-2.97
10752,-2.37,7.73,-4.51,-0.26,-0.40,-0.14,2.93,34.17,-2.97
10763,-2.37,7.73,-4.51,-0.26,-0.40,-0.14,2.93,34.17,-2.97
10774,-2.40,8.66,-4.62,-0.32,-0.30,-0.04,2.93,34.17,-2.97
10785,-2.40,8.66,-4.62,-0.32,-0.30,-0.04,2.93,34.17,-2.97
10796,-3.11,9.56,0.41,0.18,-0.22,-0.04,2.93,34.17,-2.97
10807,-3.11,9.56,0.41,0.18,-0.22,-0.04,2.93,34.17,-2.97
10818,-2.62,11.58,-3.38,0.58,0.71,-0.28,2.93,34.17,-2.97
10829,-2.62,11.58,-3.38,0.58,0.71,-0.28,2.93,34.17,-2.97
10840,-3.57,9.66,-8.53,1.71,1.15,-0.71,2.09,35.19,-2.35
10851,-2.06,4.01,-5.84,3.43,0.81,-0.64,2.09,35.19,-2.35
10862,-2.06,4.01,-5.84,3.43,0.81,-0.64,2.09,35.19,-2.35
10873,-1.55,8.01,-6.79,2.12,0.65,-0.25,2.09,35.19,-2.35
10885,-1.55,8.01,-6.79,2.12,0.65,-0.25,2.09,35.19,-2.35
10895,-1.67,7.73,-7.02,0.84,0.43,-0.44,2.09,35.19,-2.35
10906,-1.67,7.73,-7.02,0.84,0.43,-0.44,2.09,35.19,-2.35
10917,-1.96,7.95,-6.72,0.57,0.22,-0.42,2.09,35.19,-2.35
10928,-1.96,7.95,-6.72,0.57,0.22,-0.42,2.09,35.19,-2.35
10939,-2.58,8.91,-6.66,1.03,0.23,-0.41,2.09,35.19,-2.35
10950,-2.82,9.90,-7.22,0.86,0.19,-0.78,2.09,35.19,-2.35
10961,-2.82,9.90,-7.22,0.86,0.19,-0.78,2.09,35.19,-2.35
10972,-3.78,10.33,-8.24,0.77,0.19,-1.40,0.41,34.51,-9.79
10983,-3.78,10.33,-8.24,0.77,0.19,-1.40,0.41,34.51,-9.79
10994,-2.54,5.91,-6.83,1.36,0.18,-1.76,0.41,34.51,-9.79
11005,-2.54,5.91,-6.83,1.36,0.18,-1.76,0.41,34.51,-9.79
11016,-3.63,5.04,-7.47,1.24,0.24,-1.63,0.41,34.51,-9.79
11027,-3.63,5.04,-7.47,1.24,0.24,-1.63,0.41,34.51,-9.79
11038,-3.93,5.85,-7.34,1.47,0.37,-1.24,0.41,34.51,-9.79
11049,-3.93,5.85,-7.34,1.47,0.37,-1.24,0.41,34.51,-9.79
11060,-5.09,7.51,-8.02,1.45,0.61,-1.00,0.41,34.51,-9.79
11071,-3.80,6.55,-7.59,1.28,0.73,-1.17,0.41,34.51,-9.79
11082,-3.80,6.55,-7.59,1.28,0.73,-1.17,0.41,34.51,-9.79
11093,-3.21,5.12,-7.32,0.71,0.67,-1.25,-7.12,33.15,-15.68
11104,-3.21,5.12,-7.32,0.71,0.67,-1.25,-7.12,33.15,-15.68
11115,-2.86,5.07,-7.54,0.45,0.38,-0.94,-7.12,33.15,-15.68
11126,-2.86,5.07,-7.54,0.45,0.38,-0.94,-7.12,33.15,-15.68
11137,-2.60,5.28,-6.47,0.41,-0.20,-0.53,-7.12,33.15,-15.68
11148,-2.60,5.28,-6.47,0.41,-0.20,-0.53,-7.12,33.15,-15.68
11159,-2.32,4.78,-5.94,0.15,-0.65,-0.10,-7.12,33.15,-15.68
11170,-3.22,5.12,-5.26,-0.10,-0.65,0.41,-7.12,33.15,-15.68
11181,-3.22,5.12,-5.26,-0.10,-0.65,0.41,-7.12,33.15,-15.68
11192,-3.15,5.02,-5.74,-0.10,0.07,0.33,-7.12,33.15,-15.68
11203,-3.15,5.02,-5.74,-0.10,0.07,0.33,-7.12,33.15,-15.68
11214,-2.46,3.43,-6.19,0.27,0.58,-0.21,-9.64,32.14,-14.75
11230,-2.46,3.43,-6.19,0.27,0.58,-0.21,-9.64,32.14,-14.75
11236,-2.83,3.53,-7.19,0.41,0.83,-0.22,-9.64,32.14,-14.75
11247,-2.83,3.53,-7.19,0.41,0.83,-0.22,-9.64,32.14,-14.75
11258,-1.75,3.70,-7.27,-0.10,0.72,0.14,-9.64,32.14,-14.75
11269,-1.75,3.70,-7.27,-0.10,0.72,0.14,-9.64,32.14,-14.75
11280,-0.34,3.17,-7.07,-0.55,0.45,0.74,-9.64,32.14,-14.75
11291,-0.54,3.00,-7.17,-0.42,0.36,1.20,-9.64,32.14,-14.75
11302,-0.54,3.00,-7.17,-0.42,0.36,1.20,-9.64,32.14,-14.75
11313,-1.56,4.76,-8.36,-0.12,0.71,0.94,-9.64,32.14,-14.75
11324,-1.56,4.76,-8.36,-0.12,0.71,0.94,-9.64,32.14,-14.75
11335,-2.60,6.42,-10.13,0.05,0.98,0.31,-9.64,32.14,-14.75
11346,-2.60,6.42,-10.13,0.05,0.98,0.31,-9.64,32.14,-14.75
11357,-1.49,5.67,-9.64,0.01,0.72,-0.12,-4.19,32.81,-13.20
11368,-1.49,5.67,-9.64,0.01,0.72,-0.12,-4.19,32.81,-13.20
11379,-0.86,3.87,-9.49,0.06,0.46,0.01,-4.19,32.81,-13.20
11390,-0.91,4.21,-8.99,0.21,0.19,0.46,-4.19,32.81,-13.20
11401,-0.91,4.21,-8.99,0.21,0.19,0.46,-4.19,32.81,-13.20
11412,-0.99,5.57,-8.10,0.22,0.04,0.73,-4.19,32.81,-13.20
11423,-0.99,5.57,-8.10,0.22,0.04,0.73,-4.19,32.81,-13.20
11434,-1.04,6.74,-8.43,0.16,0.27,0.60,-4.19,32.81,-13.20
11445,-1.04,6.74,-8.43,0.16,0.27,0.60,-4.19,32.81,-13.20
11456,-1.36,6.32,-9.06,0.04,0.54,0.43,-4.19,32.81,-13.20
11467,-1.36,6.32,-9.06,0.04,0.54,0.43,-4.19,32.81,-13.20
11478,-1.95,4.82,-10.13,-0.32,0.58,0.52,-1.26,32.14,-13.82
11489,-1.95,4.82,-10.13,-0.32,0.58,0.52,-1.26,32.14,-13.82
11500,-2.96,5.83,-10.77,0.03,0.42,0.55,-1.26,32.14,-13.82
11511,-1.39,5.78,-8.51,0.98,1.17,0.60,-1.26,32.14,-13.82
11522,-1.39,5.78,-8.51,0.98,1.17,0.60,-1.26,32.14,-13.82
11533,-2.26,7.58,-11.93,0.22,1.88,0.53,-1.26,32.14,-13.82
11544,-2.26,7.58,-11.93,0.22,1.88,0.53,-1.26,32.14,-13.82
11555,-1.10,6.46,-10.39,0.04,1.31,0.18,-1.26,32.14,-13.82
11566,-1.10,6.46,-10.39,0.04,1.31,0.18,-1.26,32.14,-13.82
11577,-0.91,5.50,-11.38,-0.44,0.94,-0.07,-1.26,32.14,-13.82
11588,-0.91,5.50,-11.38,-0.44,0.94,-0.07,-1.26,32.14,-13.82
11599,-0.67,5.20,-10.60,-0.62,0.33,0.15,1.67,32.81,-14.44
11610,-0.67,5.20,-10.60,-0.62,0.33,0.15,1.67,32.81,-14.44
11621,-0.39,4.93,-9.12,-0.57,-0.12,0.37,1.67,32.81,-14.44
11633,-0.64,5.73,-9.50,-0.48,-0.20,0.39,1.67,32.81,-14.44
11643,-0.64,5.73,-9.50,-0.48,-0.20,0.39,1.67,32.81,-14.44
11654,-0.60,5.86,-8.97,-0.17,-0.30,0.40,1.67,32.81,-14.44
11665,-0.60,5.86,-8.97,-0.17,-0.30,0.40,1.67,32.81,-14.44
11676,0.09,4.17,-7.88,-0.15,-0.28,0.30,1.67,32.81,-14.44
11687,0.09,4.17,-7.88,-0.15,-0.28,0.30,1.67,32.81,-14.44
11698,0.51,5.10,-7.30,-0.10,-0.02,0.38,1.67,32.81,-14.44
11709,0.51,5.10,-7.30,-0.10,-0.02,0.38,1.67,32.81,-14.44
11720,-0.53,8.38,-9.90,-0.38,0.22,0.32,2.93,32.14,-12.58
11731,0.08,6.31,-8.23,-0.37,0.11,-0.04,2.93,32.14,-12.58
11742,0.08,6.31,-8.23,-0.37,0.11,-0.04,2.93,32.14,-12.58
11753,-0.07,5.51,-8.36,-0.39,0.15,-0.17,2.93,32.14,-12.58
11764,-0.07,5.51,-8.36,-0.39,0.15,-0.17,2.93,32.14,-12.58
11775,-0.14,5.49,-8.35,-0.52,0.18,-0.22,2.93,32.14,-12.58
11786,-0.14,5.49,-8.35,-0.52,0.18,-0.22,2.93,32.14,-12.58
11797,-0.12,6.31,-8.44,-0.55,0.22,-0.24,2.93,32.14,-12.58
11808,-0.12,6.31,-8.44,-0.55,0.22,-0.24,2.93,32.14,-12.58
11819,0.20,6.63,-8.33,-0.52,0.16,-0.17,2.93,32.14,-12.58
11830,0.20,6.63,-8.33,-0.52,0.16,-0.17,2.93,32.14,-12.58
11841,-0.26,5.96,-7.95,-0.35,0.01,-0.02,2.93,32.14,-12.58
11852,-0.28,5.82,-7.97,-0.57,0.02,0.02,4.18,33.15,-10.72
11863,-0.28,5.82,-7.97,-0.57,0.02,0.02,4.18,33.15,-10.72
11874,-0.79,5.98,-8.93,-0.60,-0.02,0.11,4.18,33.15,-10.72
11885,-0.79,5.98,-8.93,-0.60,-0.02,0.11,4.18,33.15,-10.72
11896,-0.44,6.52,-7.71,-0.17,-0.16,0.21,4.18,33.15,-10.72
11907,-0.44,6.52,-7.71,-0.17,-0.16,0.21,4.18,33.15,-10.72
11918,-0.16,6.88,-8.01,-0.05,-0.10,0.14,4.18,33.15,-10.72
11929,-0.16,6.88,-8.01,-0.05,-0.10,0.14,4.18,33.15,-10.72
11940,0.29,7.02,-7.46,0.07,-0.05,0.08,4.18,33.15,-10.72
11951,-0.17,6.42,-7.98,0.12,-0.00,0.02,4.18,33.15,-10.72
11962,-0.17,6.42,-7.98,0.12,-0.00,0.02,4.18,33.15,-10.72
11973,-0.18,6.31,-8.06,0.12,0.00,0.01,3.14,31.97,-10.88
11984,-0.18,6.31,-8.06,0.12,0.00,0.01,3.14,31.97,-10.88
11995,-0.23,6.50,-8.00,0.18,-0.00,0.02,3.14,31.97,-10.88
12006,-0.23,6.50,-8.00,0.18,-0.00,0.02,3.14,31.97,-10.88
12017,-0.20,7.03,-8.47,0.29,0.01,0.00,3.14,31.97,-10.88
12028,-0.20,7.03,-8.47,0.29,0.01,0.00,3.14,31.97,-10.88
12039,-0.16,6.21,-8.13,0.81,-0.00,-0.03,3.14,31.97,-10.88
12050,-0.16,6.21,-8.13,0.81,-0.00,-0.03,3.14,31.97,-10.88
12061,-0.34,5.12,-7.89,0.72,-0.01,-0.03,3.14,31.97,-10.88
12072,-0.45,6.09,-8.44,0.00,0.07,-0.08,3.14,31.97,-10.88
12083,-0.45,6.09,-8.44,0.00,0.07,-0.08,3.14,31.97,-10.88
12094,-0.44,6.00,-8.08,-0.18,0.22,-0.27,3.97,32.98,-11.81
12105,-0.44,6.00,-8.08,-0.18,0.22,-0.27,3.97,32.98,-11.81
12116,-0.22,5.67,-7.96,-0.32,0.30,-0.41,3.97,32.98,-11.81
12127,-0.22,5.67,-7.96,-0.32,0.30,-0.41,3.97,32.98,-11.81
12143,-0.89,8.51,-9.18,-0.79,0.36,-0.45,3.97,32.98,-11.81
12149,-0.89,8.51,-9.18,-0.79,0.36,-0.45,3.97,32.98,-11.81
12160,0.80,6.74,-8.03,-0.39,0.53,-0.62,3.97,32.98,-11.81
12171,-0.03,6.65,-7.86,-0.17,0.33,-0.44,3.97,32.98,-11.81
12182,-0.03,6.65,-7.86,-0.17,0.33,-0.44,3.97,32.98,-11.81
12193,-0.23,6.35,-8.07,0.06,0.35,-0.51,3.97,32.98,-11.81
12204,-0.23,6.35,-8.07,0.06,0.35,-0.51,3.97,32.98,-11.81
12215,-0.28,6.27,-8.15,0.11,0.22,-0.33,3.97,32.98,-11.81
12226,-0.28,6.27,-8.15,0.11,0.22,-0.33,3.97,32.98,-11.81
12237,-0.22,6.36,-8.15,-0.00,0.14,-0.17,-0.21,32.98,-10.88
12248,-0.22,6.36,-8.15,-0.00,0.14,-0.17,-0.21,32.98,-10.88
12259,-0.21,6.39,-8.08,-0.02,0.05,-0.08,-0.21,32.98,-10.88
12270,-0.21,6.39,-8.08,-0.02,0.05,-0.08,-0.21,32.98,-10.88
12281,-0.25,6.40,-8.09,0.02,-0.02,-0.02,-0.21,32.98,-10.88
12292,-0.24,6.36,-8.14,0.01,-0.02,-0.00,-0.21,32.98,-10.88
12303,-0.24,6.36,-8.14,0.01,-0.02,-0.00,-0.21,32.98,-10.88
12314,-0.23,6.33,-8.10,-0.01,-0.01,0.00,-0.21,32.98,-10.88
12325,-0.23,6.33,-8.10,-0.01,-0.01,0.00,-0.21,32.98,-10.88
12336,-0.21,6.37,-8.15,-0.00,-0.02,0.05,-0.21,32.98,-10.88
12347,-0.21,6.37,-8.15,-0.00,-0.02,0.05,-0.21,32.98,-10.88
12358,-0.32,6.44,-8.08,0.02,-0.05,0.06,2.09,33.49,-10.72
12369,-0.32,6.44,-8.08,0.02,-0.05,0.06,2.09,33.49,-10.72
12380,-0.28,6.39,-8.05,0.02,-0.04,0.02,2.09,33.49,-10.72
12391,-0.26,6.36,-8.11,0.02,-0.03,-0.01,2.09,33.49,-10.72
12402,-0.26,6.36,-8.11,0.02,-0.03,-0.01,2.09,33.49,-10.72
12413,-0.23,6.31,-8.13,0.02,-0.03,-0.01,2.09,33.49,-10.72
12424,-0.23,6.31,-8.13,0.02,-0.03,-0.01,2.09,33.49,-10.72
12435,-0.27,6.39,-8.11,0.03,-0.03,0.01,2.09,33.49,-10.72
12446,-0.27,6.39,-8.11,0.03,-0.03,0.01,2.09,33.49,-10.72
12457,-0.30,6.31,-8.08,0.04,-0.05,0.01,2.09,33.49,-10.72
12468,-0.30,6.31,-8.08,0.04,-0.05,0.01,2.09,33.49,-10.72
12479,-0.27,6.37,-8.15,0.02,-0.03,0.00,1.25,33.49,-10.72
12490,-0.27,6.37,-8.15,0.02,-0.03,0.00,1.25,33.49,-10.72
12501,-0.29,6.32,-8.11,0.01,-0.02,0.01,1.25,33.49,-10.72
12512,-0.31,6.32,-8.09,0.01,-0.02,0.01,1.25,33.49,-10.72
12523,-0.31,6.32,-8.09,0.01,-0.02,0.01,1.25,33.49,-10.72
12534,-0.28,6.35,-8.13,0.02,-0.01,-0.01,1.25,33.49,-10.72
12545,-0.28,6.35,-8.13,0.02,-0.01,-0.01,1.25,33.49,-10.72
12556,-0.27,6.32,-8.16,0.01,-0.00,-0.01,1.25,33.49,-10.72
12567,-0.27,6.32,-8.16,0.01,-0.00,-0.01,1.25,33.49,-10.72
12578,-0.30,6.32,-8.13,0.01,-0.01,0.00,1.25,33.49,-10.72
12589,-0.30,6.32,-8.13,0.01,-0.01,0.00,1.25,33.49,-10.72
12600,-0.28,6.35,-8.14,0.01,-0.01,0.00,1.25,33.49,-10.72
12611,-0.28,6.35,-8.14,0.01,-0.01,0.00,1.25,33.49,-10.72
12622,-0.30,6.31,-8.13,0.00,-0.01,-0.00,3.35,33.15,-9.79
12633,-0.27,6.32,-8.13,-0.00,-0.00,0.00,3.35,33.15,-9.79
12644,-0.27,6.32,-8.13,-0.00,-0.00,0.00,3.35,33.15,-9.79
12655,-0.29,6.34,-8.13,-0.00,-0.00,0.01,3.35,33.15,-9.79
12666,-0.29,6.34,-8.13,-0.00,-0.00,0.01,3.35,33.15,-9.79
12677,-0.30,6.34,-8.15,-0.00,0.00,0.01,3.35,33.15,-9.79
12688,-0.30,6.34,-8.15,-0.00,0.00,0.01,3.35,33.15,-9.79
12699,-0.27,6.29,-8.14,-0.01,0.01,0.01,3.35,33.15,-9.79
12710,-0.27,6.29,-8.14,-0.01,0.01,0.01,3.35,33.15,-9.79
12721,-0.30,6.33,-8.12,-0.01,0.01,0.01,3.35,33.15,-9.79
12732,-0.29,6.35,-8.15,-0.01,0.00,0.01,4.81,33.32,-9.95
12743,-0.29,6.35,-8.15,-0.01,0.00,0.01,4.81,33.32,-9.95
12754,-0.27,6.36,-8.15,-0.00,-0.01,-0.00,4.81,33.32,-9.95
12765,-0.27,6.36,-8.15,-0.00,-0.01,-0.00,4.81,33.32,-9.95
12776,-0.28,6.34,-8.16,0.01,-0.01,-0.00,4.81,33.32,-9.95
12788,-0.28,6.34,-8.16,0.01,-0.01,-0.00,4.81,33.32,-9.95
12798,-0.29,6.33,-8.15,0.01,-0.01,-0.00,4.81,33.32,-9.95
12809,-0.29,6.33,-8.15,0.01,-0.01,-0.00,4.81,33.32,-9.95
12820,-0.22,6.34,-8.11,0.00,-0.01,-0.00,4.81,33.32,-9.95
12831,-0.22,6.34,-8.11,0.00,-0.01,-0.00,4.81,33.32,-9.95
12842,-0.32,6.34,-8.11,0.03,-0.05,0.03,4.81,33.32,-9.95
12853,-0.26,6.31,-8.21,0.03,-0.04,0.02,2.51,33.49,-9.79
12864,-0.26,6.31,-8.21,0.03,-0.04,0.02,2.51,33.49,-9.79
12875,-0.34,6.31,-8.17,0.02,-0.04,0.04,2.51,33.49,-9.79
12886,-0.34,6.31,-8.17,0.02,-0.04,0.04,2.51,33.49,-9.79
12897,-0.33,6.31,-8.13,-0.00,-0.01,0.02,2.51,33.49,-9.79
12908,-0.33,6.31,-8.13,-0.00,-0.01,0.02,2.51,33.49,-9.79
12919,-0.29,6.28,-8.13,-0.02,0.01,0.01,2.51,33.49,-9.79
12930,-0.29,6.28,-8.13,-0.02,0.01,0.01,2.51,33.49,-9.79
12941,-0.28,6.34,-8.18,-0.02,0.02,0.01,2.51,33.49,-9.79
12952,-0.31,6.34,-8.12,-0.02,0.01,0.01,2.51,33.49,-9.79
12963,-0.31,6.34,-8.12,-0.02,0.01,0.01,2.51,33.49,-9.79
12974,-0.29,6.32,-8.13,-0.01,0.01,0.00,2.51,33.49,-9.79
12985,-0.29,6.32,-8.13,-0.01,0.01,0.00,2.51,33.49,-9.79
12996,-0.30,6.30,-8.14,-0.00,0.01,-0.00,2.30,32.30,-9.64
13007,-0.30,6.30,-8.14,-0.00,0.01,-0.00,2.30,32.30,-9.64
13018,-0.28,6.32,-8.18,-0.00,0.01,-0.00,2.30,32.30,-9.64
13029,-0.28,6.32,-8.18,-0.00,0.01,-0.00,2.30,32.30,-9.64
13040,-0.27,6.30,-8.13,-0.01,0.00,-0.00,2.30,32.30,-9.64
13051,-0.27,6.30,-8.13,-0.01,0.00,-0.00,2.30,32.30,-9.64
13062,-0.28,6.31,-8.10,-0.01,0.00,0.00,2.30,32.30,-9.64
13073,-0.31,6.35,-8.16,-0.00,0.00,-0.00,2.30,32.30,-9.64
13084,-0.31,6.35,-8.16,-0.00,0.00,-0.00,2.30,32.30,-9.64
13095,-0.29,6.30,-8.14,0.00,-0.01,-0.00,2.30,32.30,-9.64
13111,-0.29,6.30,-8.14,0.00,-0.01,-0.00,2.30,32.30,-9.64
13117,-0.28,6.31,-8.16,0.00,-0.01,-0.00,1.04,32.64,-9.95
13128,-0.28,6.31,-8.16,0.00,-0.01,-0.00,1.04,32.64,-9.95
13139,-0.31,6.31,-8.15,0.01,-0.02,-0.01,1.04,32.64,-9.95
13150,-0.31,6.31,-8.15,0.01,-0.02,-0.01,1.04,32.64,-9.95
13161,-0.30,6.31,-8.15,0.01,-0.02,-0.01,1.04,32.64,-9.95
13172,-0.30,6.31,-8.18,0.01,-0.01,-0.01,1.04,32.64,-9.95
13183,-0.30,6.31,-8.18,0.01,-0.01,-0.01,1.04,32.64,-9.95
13194,-0.28,6.28,-8.14,0.01,-0.01,-0.01,1.04,32.64,-9.95
13205,-0.28,6.28,-8.14,0.01,-0.01,-0.01,1.04,32.64,-9.95
13216,-0.36,6.31,-8.17,0.00,-0.01,-0.01,1.04,32.64,-9.95
13227,-0.36,6.31,-8.17,0.00,-0.01,-0.01,1.04,32.64,-9.95
13238,-0.31,6.33,-8.16,-0.00,-0.01,-0.01,3.56,34.34,-9.95
13249,-0.31,6.33,-8.16,-0.00,-0.01,-0.01,3.56,34.34,-9.95
13260,-0.33,6.30,-8.18,-0.00,-0.00,-0.00,3.56,34.34,-9.95
13271,-0.33,6.30,-8.18,-0.00,-0.00,-0.00,3.56,34.34,-9.95
13282,-0.30,6.29,-8.15,-0.00,-0.00,-0.00,3.56,34.34,-9.95
13293,-0.34,6.32,-8.15,-0.01,0.00,0.00,3.56,34.34,-9.95
13304,-0.34,6.32,-8.15,-0.01,0.00,0.00,3.56,34.34,-9.95
13315,-0.32,6.30,-8.14,-0.00,0.00,0.00,3.56,34.34,-9.95
13326,-0.32,6.30,-8.14,-0.00,0.00,0.00,3.56,34.34,-9.95
13337,-0.32,6.32,-8.20,-0.00,0.01,-0.00,3.56,34.34,-9.95
13348,-0.32,6.32,-8.20,-0.00,0.01,-0.00,3.56,34.34,-9.95
13359,-0.32,6.31,-8.17,-0.01,0.01,-0.00,2.93,33.49,-9.79
13370,-0.32,6.31,-8.17,-0.01,0.01,-0.00,2.93,33.49,-9.79
13381,-0.32,6.29,-8.15,-0.01,0.01,-0.00,2.93,33.49,-9.79
13392,-0.34,6.33,-8.16,-0.01,0.00,0.00,2.93,33.49,-9.79
13403,-0.34,6.33,-8.16,-0.01,0.00,0.00,2.93,33.49,-9.79
13414,-0.34,6.33,-8.16,-0.01,-0.00,0.00,2.93,33.49,-9.79
13425,-0.34,6.33,-8.16,-0.01,-0.00,0.00,2.93,33.49,-9.79
13436,-0.32,6.29,-8.10,-0.00,-0.00,0.00,2.93,33.49,-9.79
13447,-0.32,6.29,-8.10,-0.00,-0.00,0.00,2.93,33.49,-9.79
13458,-0.34,6.31,-8.16,-0.00,-0.00,0.00,2.93,33.49,-9.79
13469,-0.34,6.31,-8.16,-0.00,-0.00,0.00,2.93,33.49,-9.79
13480,-0.32,6.29,-8.19,-0.00,-0.01,0.00,2.93,33.49,-9.79
13491,-0.32,6.29,-8.19,-0.00,-0.01,0.00,2.93,33.49,-9.79
13502,-0.34,6.31,-8.20,-0.00,-0.02,-0.00,2.09,34.17,-9.79
13513,-0.34,6.34,-8.16,-0.01,-0.02,-0.00,2.09,34.17,-9.79
13524,-0.34,6.34,-8.16,-0.01,-0.02,-0.00,2.09,34.17,-9.79
13535,-0.36,6.31,-8.16,-0.00,-0.02,-0.01,2.09,34.17,-9.79
13546,-0.36,6.31,-8.16,-0.00,-0.02,-0.01,2.09,34.17,-9.79
13557,-0.34,6.34,-8.17,-0.00,-0.01,-0.00,2.09,34.17,-9.79
13568,-0.34,6.34,-8.17,-0.00,-0.01,-0.00,2.09,34.17,-9.79
13579,-0.36,6.32,-8.12,-0.00,-0.01,-0.00,2.09,34.17,-9.79
13595,-0.36,6.32,-8.12,-0.00,-0.01,-0.00,2.09,34.17,-9.79
13601,-0.34,6.30,-8.14,-0.00,0.01,0.00,2.09,34.17,-9.79
13612,-0.33,6.32,-8.19,-0.00,0.01,0.00,2.51,75.95,-9.79
13623,-0.33,6.32,-8.19,-0.00,0.01,0.00,2.51,32.47,-10.72
13634,-0.35,6.32,-8.18,-0.00,0.00,0.00,2.51,32.47,-10.72
13645,-0.35,6.32,-8.18,-0.00,0.00,0.00,2.51,32.47,-10.72
13656,-0.34,6.31,-8.15,-0.00,0.01,0.00,2.51,32.47,-10.72
13667,-0.34,6.31,-8.15,-0.00,0.01,0.00,2.51,32.47,-10.72
13678,-0.35,6.32,-8.19,-0.00,0.01,0.00,2.51,32.47,-10.72
13689,-0.35,6.32,-8.19,-0.00,0.01,0.00,2.51,32.47,-10.72
13700,-0.35,6.36,-8.20,-0.00,0.02,0.00,2.51,32.47,-10.72
13711,-0.35,6.36,-8.20,-0.00,0.02,0.00,2.51,32.47,-10.72
13722,-0.35,6.29,-8.16,-0.01,0.03,0.00,2.51,32.47,-10.72
13733,-0.34,6.30,-8.21,-0.01,0.04,0.00,2.09,31.12,-10.72
13744,-0.34,6.30,-8.21,-0.01,0.04,0.00,2.09,31.12,-10.72
13755,-0.42,6.27,-8.21,-0.02,0.04,0.01,2.09,31.12,-10.72
13766,-0.42,6.27,-8.21,-0.02,0.04,0.01,2.09,31.12,-10.72
